id,part,quantity,material,color,source,status
P01,MODULE_OUTPUT_4COLOR,1,PETG,ivory+gold+bronze+sand,3MF/MODULE_OUTPUT_4COLOR.3mf,print
P02,MODULE_MIDDLE_A_4COLOR,2,PETG,ivory+gold+bronze+sand,3MF/MODULE_MIDDLE_A_4COLOR.3mf,print
P03,MODULE_MIDDLE_B_4COLOR,2,PETG,ivory+gold+bronze+sand,3MF/MODULE_MIDDLE_B_4COLOR.3mf,print
P04,MODULE_CROWN_4COLOR,1,PETG,ivory+gold+bronze+sand,3MF/MODULE_CROWN_4COLOR.3mf,print
P05,connector_pin_4p8mm,20,PETG,walnut-bronze,STL/connector_pin_4p8mm_bronze.stl,print-after-coupon
P06,scent_tray,1,PETG,warm-sand,STL/scent_tray_sand.stl,print
T01,fit_coupon_set,1,PETG,ivory+gold+bronze,STL/FIT_COUPON_*.stl,print-first
T02,texture_coupon,1,PETG,stone-ivory,STL/TEXTURE_COUPON_ivory.stl,print-first
H01,wall_screw_and_anchor,up-to-11,wall-specific,not-applicable,purchased,select-and-proof-test-for-wall
