component_id,name,vendor,part_number,revision,purpose,source_url,local_path,sha256,license_expression,license_evidence_path,embedded_in_release,redistribution_rights,physical_use_rights,patent_design_trademark,proof_path,safety_rating,reviewer,review_date,status,notes
CMP-0001,"Cup hinge 35 mm, half overlay (Mittelanschlag), ~110 deg, with System-32 cross mounting plate",UNSELECTED,UNSELECTED,UNKNOWN,"Door to centre partition rotation, 8 off",not_applicable,not_applicable,not_applicable,"not_applicable — physical catalogue part, no geometry is redistributed",not_applicable,no,not_applicable,yes,not_applicable,bom.yaml,UNKNOWN — no article selected; hinge cycle life and load unverified,pending human review,,unknown,OPEN ITEM: the half-overlay adjustment range must be confirmed to cover 7.5 mm on an 18 mm mid panel before drilling (preflight IF-INT-KIN-ROT-CYL-003).
CMP-0002,"Bow handle, 128 mm hole spacing",UNSELECTED,UNSELECTED,UNKNOWN,"Door operation, 4 off",not_applicable,not_applicable,not_applicable,"not_applicable — physical catalogue part, no geometry is redistributed",not_applicable,no,not_applicable,yes,not_applicable,bom.yaml,not_applicable,pending human review,,unknown,M4 screws at least 22 mm for an 18 mm door.
CMP-0003,"Height-adjustable furniture foot, 100 mm, M8, screw-on plate",UNSELECTED,UNSELECTED,UNKNOWN,"Support and levelling, 6 off",not_applicable,not_applicable,not_applicable,"not_applicable — physical catalogue part, no geometry is redistributed",not_applicable,no,not_applicable,yes,not_applicable,bom.yaml,"UNKNOWN — required rating >= 50 kg each, no article selected",pending human review,,unknown,OPEN ITEM: design load 13.6 kg per foot from self mass alone; rating must be read from the supplier datasheet.
CMP-0004,"Toughened glass plate (ESG) 6 mm, five-sided, polished edges, ground corners",UNSELECTED,UNSELECTED,UNKNOWN,"Display top over paper interlayer, 1 off, 0.729 m2, 10.9 kg",not_applicable,not_applicable,not_applicable,"not_applicable — physical catalogue part, no geometry is redistributed",not_applicable,no,not_applicable,yes,not_applicable,bom.yaml,"ESG required. Polished edges and ground corners are SAFETY requirements, not finish options.",pending human review,,unknown,Made to measure by a glazier from exports/dxf/P11-glass.dxf. HARD RULE: order only after the built top plate has been measured; ESG cannot be recut.
CMP-0005,Galvanised angle bracket 40 x 40 mm,UNSELECTED,UNSELECTED,UNKNOWN,"Top plate fixed from inside so the display face has no holes, 8 off",not_applicable,not_applicable,not_applicable,"not_applicable — physical catalogue part, no geometry is redistributed",not_applicable,no,not_applicable,yes,not_applicable,bom.yaml,not_applicable,pending human review,,unknown,Screws 16 mm maximum so nothing breaks through an 18 mm panel.
CMP-0006,Chipboard screws 4.5x50 / 4.0x40 / 4.0x30 / 4.0x16 / 3.5x16,UNSELECTED,UNSELECTED,UNKNOWN,"Carcass, battens, shelf, feet, brackets, hinge cups",not_applicable,not_applicable,not_applicable,"not_applicable — physical catalogue part, no geometry is redistributed",not_applicable,no,not_applicable,yes,not_applicable,bom.yaml,not_applicable,pending human review,,unknown,Counts in bom.yaml. 26 pre-drilled positions in P01.
CMP-0007,Softwood square batten 20 x 20 mm,UNSELECTED,UNSELECTED,UNKNOWN,"Shelf bearers and inside corner joints, 4918 mm total",not_applicable,not_applicable,not_applicable,"not_applicable — physical catalogue part, no geometry is redistributed",not_applicable,no,not_applicable,yes,not_applicable,bom.yaml,not_applicable,pending human review,,unknown,Cut on site; length not critical to 1 mm.
CMP-0008,"White filler, adhesion primer, white satin acrylic furniture lacquer",UNSELECTED,UNSELECTED,UNKNOWN,"Finish system, 11.39 m2 painted area",not_applicable,not_applicable,not_applicable,"not_applicable — physical catalogue part, no geometry is redistributed",not_applicable,no,not_applicable,yes,not_applicable,bom.yaml,UNKNOWN — no VOC or indoor-emission class recorded,pending human review,,unknown,Both faces and all edges of every panel must be sealed equally; unequal sealing is what makes the top plate cup.
CMP-0009,Anti-tip bracket set (OPTIONAL),UNSELECTED,UNSELECTED,UNKNOWN,"Tip-over mitigation if children have access, 1 off",not_applicable,not_applicable,not_applicable,"not_applicable — physical catalogue part, no geometry is redistributed",not_applicable,no,not_applicable,yes,not_applicable,bom.yaml,"Recommended, not a structural load path in the design",pending human review,,unknown,preflight IF-HUM-USR-USR-VOLUME-010 is untested. Fit it if children have access.
