Product_Path,Working_SKU,Product,Product_Family_or_Category,Score_Basis,Trend_Score_0_100,Priority_Score_0_100,Opportunity_Score_0_100,Risk_Score_1_5,Estimated_Market_Fit_1_5,Market_Evidence_Confidence_1_5,Creation_Effort_1_5,Validation_Effort_1_5,Commercial_Risk_1_5,Strategy_Fit_1_5,AM_Differentiation_1_5,Portfolio_Leverage_1_5,Digital_First_Fit_1_5,Economics_1_5,Trend_Basis,Scoring_Rationale,Score_Status,Scored_On,Scoring_Version
products/art-decor/mm-art-001-fox-mesh-collection,MM-ART-001,Fox Mesh Collection,Decorative mesh,DERIVED — PRODUCT PREFLIGHT AND REGISTER EVIDENCE v1.0,20,41.2,22,4,1,1,1,2,4,1,2,2,3,4,NO PRIMARY-SOURCE RESEARCH FAMILY for category 'Decorative mesh'; baseline 35 below every scored research family; strategy-fit adjustment -18,"Derived from the live preflight C0/R1/K0 (EXT=3, MOT=0, PHY=0), register strategy fit 'Off-strategy', rights UNKNOWN, safety unknown, model status 'YES — model artifact present', and 14 sibling products in its product family. Economics is a complexity and purchased-content proxy only; no product COGS or price is recorded yet.",DIRECTIONAL PLANNING SCORE — NOT VALIDATED DEMAND OR RELEASE APPROVAL,2026-09-04,1.0
products/art-decor/mm-art-002-plant-mesh,MM-ART-002,Plant Mesh,Decorative mesh,DERIVED — PRODUCT PREFLIGHT AND REGISTER EVIDENCE v1.0,20,41.2,22,4,1,1,1,2,4,1,2,2,3,4,NO PRIMARY-SOURCE RESEARCH FAMILY for category 'Decorative mesh'; baseline 35 below every scored research family; strategy-fit adjustment -18,"Derived from the live preflight C0/R1/K0 (EXT=3, MOT=0, PHY=0), register strategy fit 'Off-strategy', rights UNKNOWN, safety unknown, model status 'YES — model artifact present', and 14 sibling products in its product family. Economics is a complexity and purchased-content proxy only; no product COGS or price is recorded yet.",DIRECTIONAL PLANNING SCORE — NOT VALIDATED DEMAND OR RELEASE APPROVAL,2026-09-04,1.0
products/art-decor/mm-art-003-unicorn-mesh-collection,MM-ART-003,Unicorn Mesh Collection,Decorative mesh,DERIVED — PRODUCT PREFLIGHT AND REGISTER EVIDENCE v1.0,20,41.2,22,4,1,1,1,2,4,1,2,2,3,4,NO PRIMARY-SOURCE RESEARCH FAMILY for category 'Decorative mesh'; baseline 35 below every scored research family; strategy-fit adjustment -18,"Derived from the live preflight C0/R1/K0 (EXT=3, MOT=0, PHY=0), register strategy fit 'Off-strategy', rights UNKNOWN, safety unknown, model status 'YES — model artifact present', and 14 sibling products in its product family. Economics is a complexity and purchased-content proxy only; no product COGS or price is recorded yet.",DIRECTIONAL PLANNING SCORE — NOT VALIDATED DEMAND OR RELEASE APPROVAL,2026-09-04,1.0
products/art-decor/mm-art-004-capybara-mesh-collection,MM-ART-004,Capybara Mesh Collection,Decorative mesh,DERIVED — PRODUCT PREFLIGHT AND REGISTER EVIDENCE v1.0,20,41.2,22,4,1,1,1,2,4,1,2,2,3,4,NO PRIMARY-SOURCE RESEARCH FAMILY for category 'Decorative mesh'; baseline 35 below every scored research family; strategy-fit adjustment -18,"Derived from the live preflight C0/R1/K0 (EXT=3, MOT=0, PHY=0), register strategy fit 'Off-strategy', rights UNKNOWN, safety unknown, model status 'YES — model artifact present', and 14 sibling products in its product family. Economics is a complexity and purchased-content proxy only; no product COGS or price is recorded yet.",DIRECTIONAL PLANNING SCORE — NOT VALIDATED DEMAND OR RELEASE APPROVAL,2026-09-04,1.0
products/art-decor/mm-art-005-fish-mesh-collection,MM-ART-005,Fish Mesh Collection,Decorative mesh,DERIVED — PRODUCT PREFLIGHT AND REGISTER EVIDENCE v1.0,20,41.2,22,4,1,1,1,2,4,1,2,2,3,4,NO PRIMARY-SOURCE RESEARCH FAMILY for category 'Decorative mesh'; baseline 35 below every scored research family; strategy-fit adjustment -18,"Derived from the live preflight C0/R1/K0 (EXT=3, MOT=0, PHY=0), register strategy fit 'Off-strategy', rights UNKNOWN, safety unknown, model status 'YES — model artifact present', and 14 sibling products in its product family. Economics is a complexity and purchased-content proxy only; no product COGS or price is recorded yet.",DIRECTIONAL PLANNING SCORE — NOT VALIDATED DEMAND OR RELEASE APPROVAL,2026-09-04,1.0
products/art-decor/mm-art-006-mouse-mesh-collection,MM-ART-006,Mouse Mesh Collection,Decorative mesh,DERIVED — PRODUCT PREFLIGHT AND REGISTER EVIDENCE v1.0,20,41.2,22,4,1,1,1,2,4,1,2,2,3,4,NO PRIMARY-SOURCE RESEARCH FAMILY for category 'Decorative mesh'; baseline 35 below every scored research family; strategy-fit adjustment -18,"Derived from the live preflight C0/R1/K0 (EXT=3, MOT=0, PHY=0), register strategy fit 'Off-strategy', rights UNKNOWN, safety unknown, model status 'YES — model artifact present', and 14 sibling products in its product family. Economics is a complexity and purchased-content proxy only; no product COGS or price is recorded yet.",DIRECTIONAL PLANNING SCORE — NOT VALIDATED DEMAND OR RELEASE APPROVAL,2026-09-04,1.0
products/art-decor/mm-art-007-racehorse-mesh-collection,MM-ART-007,Racehorse Mesh Collection,Decorative mesh,DERIVED — PRODUCT PREFLIGHT AND REGISTER EVIDENCE v1.0,20,43.2,22,4,1,1,1,1,4,1,2,2,3,4,NO PRIMARY-SOURCE RESEARCH FAMILY for category 'Decorative mesh'; baseline 35 below every scored research family; strategy-fit adjustment -18,"Derived from the live preflight C0/R2/K0 (EXT=3, MOT=0, PHY=0), register strategy fit 'Off-strategy', rights UNKNOWN, safety unknown, model status 'YES — model artifact present', and 14 sibling products in its product family. Economics is a complexity and purchased-content proxy only; no product COGS or price is recorded yet.",DIRECTIONAL PLANNING SCORE — NOT VALIDATED DEMAND OR RELEASE APPROVAL,2026-09-04,1.0
products/art-decor/mm-art-008-sports-car-mesh,MM-ART-008,Sports Car Mesh,Decorative/vehicle mesh,DERIVED — PRODUCT PREFLIGHT AND REGISTER EVIDENCE v1.0,20,41.2,22,4,1,1,1,2,4,1,2,2,3,4,NO PRIMARY-SOURCE RESEARCH FAMILY for category 'Decorative/vehicle mesh'; baseline 35 below every scored research family; strategy-fit adjustment -18,"Derived from the live preflight C0/R1/K0 (EXT=3, MOT=0, PHY=0), register strategy fit 'Off-strategy', rights UNKNOWN, safety high, model status 'YES — model artifact present', and 14 sibling products in its product family. Economics is a complexity and purchased-content proxy only; no product COGS or price is recorded yet.",DIRECTIONAL PLANNING SCORE — NOT VALIDATED DEMAND OR RELEASE APPROVAL,2026-09-04,1.0
products/art-decor/mm-art-009-whale-mesh-collection,MM-ART-009,Whale Mesh Collection,Decorative mesh,DERIVED — PRODUCT PREFLIGHT AND REGISTER EVIDENCE v1.0,20,41.2,22,4,1,1,1,2,4,1,2,2,3,4,NO PRIMARY-SOURCE RESEARCH FAMILY for category 'Decorative mesh'; baseline 35 below every scored research family; strategy-fit adjustment -18,"Derived from the live preflight C0/R1/K0 (EXT=3, MOT=0, PHY=0), register strategy fit 'Off-strategy', rights UNKNOWN, safety unknown, model status 'YES — model artifact present', and 14 sibling products in its product family. Economics is a complexity and purchased-content proxy only; no product COGS or price is recorded yet.",DIRECTIONAL PLANNING SCORE — NOT VALIDATED DEMAND OR RELEASE APPROVAL,2026-09-04,1.0
products/art-decor/mm-art-010-modular-city-map-wall-panel,MM-ART-010,Berlin permanent one-off city-map wall relief with two display modes,Decorative wall relief,DERIVED — PRODUCT PREFLIGHT AND REGISTER EVIDENCE v1.0,67,48.2,69,4,3,2,2,3,4,1,2,3,3,3,"Research family '3D wall art, reliefs & gallery panels' median 85; mapped from category 'Decorative wall relief'; strategy-fit adjustment -18","Derived from the live preflight C3/R2/K2 (EXT=2, MOT=1, PHY=1), register strategy fit 'Off-strategy', local source, commercial register open, safety medium, model status 'YES — controlled source + coupon/model artifacts', and 14 sibling products in its product family. Economics is a complexity and purchased-content proxy only; no product COGS or price is recorded yet.",DIRECTIONAL PLANNING SCORE — NOT VALIDATED DEMAND OR RELEASE APPROVAL,2026-09-04,1.0
products/art-decor/mm-art-011-modular-topographic-relief-wall-panel,MM-ART-011,Harz and Rhenish permanent topographic wall reliefs,Decorative topographic wall relief,DERIVED — PRODUCT PREFLIGHT AND REGISTER EVIDENCE v1.0,67,44.2,69,4,3,2,2,4,4,1,2,3,1,3,"Research family '3D wall art, reliefs & gallery panels' median 85; mapped from category 'Decorative topographic wall relief'; strategy-fit adjustment -18","Derived from the live preflight C3/R2/K2 (EXT=3, MOT=3, PHY=2), register strategy fit 'Off-strategy', local source, commercial register open, safety medium, model status 'YES — controlled source', and 14 sibling products in its product family. Economics is a complexity and purchased-content proxy only; no product COGS or price is recorded yet.",DIRECTIONAL PLANNING SCORE — NOT VALIDATED DEMAND OR RELEASE APPROVAL,2026-09-04,1.0
products/art-decor/mm-auto-001-opel-grandland-2018-mesh,MM-AUTO-001,Opel Grandland 2018 Mesh,Vehicle-themed model,DERIVED — PRODUCT PREFLIGHT AND REGISTER EVIDENCE v1.0,20,39,22,5,1,1,1,2,5,1,2,2,3,4,NO PRIMARY-SOURCE RESEARCH FAMILY for category 'Vehicle-themed model'; baseline 35 below every scored research family; strategy-fit adjustment -18,"Derived from the live preflight C1/R1/K0 (EXT=3, MOT=0, PHY=0), register strategy fit 'Off-strategy', rights BLOCK, safety high, model status 'YES — model artifact present', and 14 sibling products in its product family. Economics is a complexity and purchased-content proxy only; no product COGS or price is recorded yet.",DIRECTIONAL PLANNING SCORE — NOT VALIDATED DEMAND OR RELEASE APPROVAL,2026-09-04,1.0
products/art-decor/mm-dec-001-marble-tile,MM-DEC-001,Marble Tile,Decorative surface,DERIVED — PRODUCT PREFLIGHT AND REGISTER EVIDENCE v1.0,27,52.2,29,4,1,1,1,3,4,3,3,3,5,4,NO PRIMARY-SOURCE RESEARCH FAMILY for category 'Decorative surface'; baseline 35 below every scored research family; strategy-fit adjustment -8,"Derived from the live preflight C2/R1/K1 (EXT=0, MOT=0, PHY=2), register strategy fit 'Adjacent', rights UNKNOWN, safety low, model status 'YES — controlled CAD/source + model artifact', and 14 sibling products in its product family. Economics is a complexity and purchased-content proxy only; no product COGS or price is recorded yet.",DIRECTIONAL PLANNING SCORE — NOT VALIDATED DEMAND OR RELEASE APPROVAL,2026-09-04,1.0
products/art-decor/mm-dec-002-roman-pillar,MM-DEC-002,Roman Pillar,Decorative object,DERIVED — PRODUCT PREFLIGHT AND REGISTER EVIDENCE v1.0,27,44.2,29,4,1,1,2,4,4,3,3,3,2,3,NO PRIMARY-SOURCE RESEARCH FAMILY for category 'Decorative object'; baseline 35 below every scored research family; strategy-fit adjustment -8,"Derived from the live preflight C3/R1/K2 (EXT=3, MOT=0, PHY=2), register strategy fit 'Adjacent', rights UNKNOWN, safety low, model status 'YES — controlled CAD/source + model artifact', and 14 sibling products in its product family. Economics is a complexity and purchased-content proxy only; no product COGS or price is recorded yet.",DIRECTIONAL PLANNING SCORE — NOT VALIDATED DEMAND OR RELEASE APPROVAL,2026-09-04,1.0
products/furniture-systems/mm-sys-001-alex-inventory-workplace-tray,MM-SYS-001,ALEX Inventory Workplace Tray,System-furniture insert,DERIVED — PRODUCT PREFLIGHT AND REGISTER EVIDENCE v1.0,89,72.2,91,4,4,2,1,3,4,4,4,4,4,4,Research family 'Named-system furniture organization' median 92; mapped from category 'System-furniture insert'; strategy-fit adjustment -3,"Derived from the live preflight C2/R1/K1 (EXT=1, MOT=0, PHY=2), register strategy fit 'Core adjacent', rights UNKNOWN, safety medium, model status 'YES — controlled CAD/source + model artifact', and 20 sibling products in its product family. Economics is a complexity and purchased-content proxy only; no product COGS or price is recorded yet.",DIRECTIONAL PLANNING SCORE — NOT VALIDATED DEMAND OR RELEASE APPROVAL,2026-09-04,1.0
products/furniture-systems/mm-sys-002-bror-tool-shadow-tray,MM-SYS-002,BROR Tool Shadow Tray,System-furniture insert,DERIVED — PRODUCT PREFLIGHT AND REGISTER EVIDENCE v1.0,89,72.2,91,4,4,2,1,3,4,4,4,4,4,4,Research family 'Named-system furniture organization' median 92; mapped from category 'System-furniture insert'; strategy-fit adjustment -3,"Derived from the live preflight C2/R1/K1 (EXT=1, MOT=0, PHY=2), register strategy fit 'Core adjacent', rights UNKNOWN, safety medium, model status 'YES — controlled CAD/source + model artifact', and 20 sibling products in its product family. Economics is a complexity and purchased-content proxy only; no product COGS or price is recorded yet.",DIRECTIONAL PLANNING SCORE — NOT VALIDATED DEMAND OR RELEASE APPROVAL,2026-09-04,1.0
products/furniture-systems/mm-sys-003-pax-asymmetric-accessory-grid,MM-SYS-003,PAX Asymmetric Accessory Grid,System-furniture insert,DERIVED — PRODUCT PREFLIGHT AND REGISTER EVIDENCE v1.0,89,70.2,91,4,4,2,2,2,4,4,4,4,3,3,Research family 'Named-system furniture organization' median 92; mapped from category 'System-furniture insert'; strategy-fit adjustment -3,"Derived from the live preflight C3/R2/K1 (EXT=3, MOT=0, PHY=2), register strategy fit 'Core adjacent', rights UNKNOWN, safety medium, model status 'YES — controlled CAD/source + model artifact', and 20 sibling products in its product family. Economics is a complexity and purchased-content proxy only; no product COGS or price is recorded yet.",DIRECTIONAL PLANNING SCORE — NOT VALIDATED DEMAND OR RELEASE APPROVAL,2026-09-04,1.0
products/furniture-systems/mm-sys-004-billy-collection-riser,MM-SYS-004,BILLY Collection Riser,System-furniture display,DERIVED — PRODUCT PREFLIGHT AND REGISTER EVIDENCE v1.0,87,67.2,89,4,4,2,2,3,4,4,4,4,2,3,Research family 'Collectible display and storage' median 90; mapped from category 'System-furniture display'; strategy-fit adjustment -3,"Derived from the live preflight C3/R2/K2 (EXT=3, MOT=0, PHY=2), register strategy fit 'Core adjacent', rights UNKNOWN, safety medium, model status 'YES — controlled CAD/source + model artifact', and 20 sibling products in its product family. Economics is a complexity and purchased-content proxy only; no product COGS or price is recorded yet.",DIRECTIONAL PLANNING SCORE — NOT VALIDATED DEMAND OR RELEASE APPROVAL,2026-09-04,1.0
products/furniture-systems/mm-sys-005-bror-shadow-board-workflow-cluster,MM-SYS-005,BROR Shadow Board Workflow Cluster,System-furniture tool storage,DERIVED — PRODUCT PREFLIGHT AND REGISTER EVIDENCE v1.0,72,63.2,74,4,3,2,2,3,4,4,4,4,2,3,Research family 'Workshop tool organization' median 75; mapped from category 'System-furniture tool storage'; strategy-fit adjustment -3,"Derived from the live preflight C3/R2/K1 (EXT=3, MOT=0, PHY=3), register strategy fit 'Core adjacent', rights UNKNOWN, safety high, model status 'YES — controlled CAD/source + model artifact', and 20 sibling products in its product family. Economics is a complexity and purchased-content proxy only; no product COGS or price is recorded yet.",DIRECTIONAL PLANNING SCORE — NOT VALIDATED DEMAND OR RELEASE APPROVAL,2026-09-04,1.0
products/furniture-systems/mm-sys-006-kallax-boardgame-matrix,MM-SYS-006,KALLAX Boardgame Matrix,System-furniture storage,DERIVED — PRODUCT PREFLIGHT AND REGISTER EVIDENCE v1.0,89,70.2,91,4,4,2,2,2,4,4,4,4,3,3,Research family 'Named-system furniture organization' median 92; mapped from category 'System-furniture storage'; strategy-fit adjustment -3,"Derived from the live preflight C3/R2/K1 (EXT=3, MOT=0, PHY=2), register strategy fit 'Core adjacent', rights UNKNOWN, safety medium, model status 'YES — controlled CAD/source + model artifact', and 20 sibling products in its product family. Economics is a complexity and purchased-content proxy only; no product COGS or price is recorded yet.",DIRECTIONAL PLANNING SCORE — NOT VALIDATED DEMAND OR RELEASE APPROVAL,2026-09-04,1.0
products/furniture-systems/mm-sys-007-platsa-collection-cells,MM-SYS-007,PLATSA Collection Cells,System-furniture storage,DERIVED — PRODUCT PREFLIGHT AND REGISTER EVIDENCE v1.0,89,70.2,91,4,4,2,2,2,4,4,4,4,3,3,Research family 'Named-system furniture organization' median 92; mapped from category 'System-furniture storage'; strategy-fit adjustment -3,"Derived from the live preflight C3/R2/K1 (EXT=3, MOT=0, PHY=2), register strategy fit 'Core adjacent', rights UNKNOWN, safety medium, model status 'YES — controlled CAD/source + model artifact', and 20 sibling products in its product family. Economics is a complexity and purchased-content proxy only; no product COGS or price is recorded yet.",DIRECTIONAL PLANNING SCORE — NOT VALIDATED DEMAND OR RELEASE APPROVAL,2026-09-04,1.0
products/furniture-systems/mm-sys-008-skadis-precision-tool-cluster,MM-SYS-008,SKADIS Precision Tool Cluster,System-furniture tool storage,DERIVED — PRODUCT PREFLIGHT AND REGISTER EVIDENCE v1.0,72,63.2,74,4,3,2,2,3,4,4,4,4,2,3,Research family 'Workshop tool organization' median 75; mapped from category 'System-furniture tool storage'; strategy-fit adjustment -3,"Derived from the live preflight C3/R2/K1 (EXT=3, MOT=0, PHY=3), register strategy fit 'Core adjacent', rights UNKNOWN, safety high, model status 'YES — controlled CAD/source + model artifact', and 20 sibling products in its product family. Economics is a complexity and purchased-content proxy only; no product COGS or price is recorded yet.",DIRECTIONAL PLANNING SCORE — NOT VALIDATED DEMAND OR RELEASE APPROVAL,2026-09-04,1.0
products/furniture-systems/mm-sys-009-besta-passive-media-topology,MM-SYS-009,BESTA Passive Media Topology,System-furniture media accessory,DERIVED — PRODUCT PREFLIGHT AND REGISTER EVIDENCE v1.0,76,61.2,78,4,3,2,2,2,4,3,3,4,3,3,Research family 'Physical-media organization' median 84; mapped from category 'System-furniture media accessory'; strategy-fit adjustment -8,"Derived from the live preflight C3/R2/K1 (EXT=3, MOT=0, PHY=2), register strategy fit 'Adjacent', rights UNKNOWN, safety high, model status 'YES — controlled CAD/source + model artifact', and 20 sibling products in its product family. Economics is a complexity and purchased-content proxy only; no product COGS or price is recorded yet.",DIRECTIONAL PLANNING SCORE — NOT VALIDATED DEMAND OR RELEASE APPROVAL,2026-09-04,1.0
products/furniture-systems/mm-sys-010-omar-ventilated-shelf-deck,MM-SYS-010,OMAR Ventilated Shelf Deck,System-furniture shelf accessory,DERIVED — PRODUCT PREFLIGHT AND REGISTER EVIDENCE v1.0,88,67.2,90,4,4,2,2,3,4,4,4,4,2,3,Research family 'Exact-fit shelf organization' median 91; mapped from category 'System-furniture shelf accessory'; strategy-fit adjustment -3,"Derived from the live preflight C3/R2/K2 (EXT=3, MOT=0, PHY=2), register strategy fit 'Core adjacent', rights UNKNOWN, safety medium to high, model status 'YES — controlled CAD/source + model artifact', and 20 sibling products in its product family. Economics is a complexity and purchased-content proxy only; no product COGS or price is recorded yet.",DIRECTIONAL PLANNING SCORE — NOT VALIDATED DEMAND OR RELEASE APPROVAL,2026-09-04,1.0
products/furniture-systems/mm-sys-011-boaxel-cleaning-accessory-dock,MM-SYS-011,BOAXEL Cleaning Accessory Dock,System-furniture dock,DERIVED — PRODUCT PREFLIGHT AND REGISTER EVIDENCE v1.0,89,70.2,91,4,4,2,2,2,4,4,4,4,3,3,Research family 'Named-system furniture organization' median 92; mapped from category 'System-furniture dock'; strategy-fit adjustment -3,"Derived from the live preflight C3/R2/K1 (EXT=3, MOT=0, PHY=2), register strategy fit 'Core adjacent', rights UNKNOWN, safety medium to high, model status 'YES — controlled CAD/source + model artifact', and 20 sibling products in its product family. Economics is a complexity and purchased-content proxy only; no product COGS or price is recorded yet.",DIRECTIONAL PLANNING SCORE — NOT VALIDATED DEMAND OR RELEASE APPROVAL,2026-09-04,1.0
products/furniture-systems/mm-sys-012-besta-controller-and-media-tray,MM-SYS-012,BESTA Controller and Media Tray,System-furniture insert,DERIVED — PRODUCT PREFLIGHT AND REGISTER EVIDENCE v1.0,89,70.2,91,4,4,2,2,2,4,4,4,4,3,3,Research family 'Named-system furniture organization' median 92; mapped from category 'System-furniture insert'; strategy-fit adjustment -3,"Derived from the live preflight C3/R2/K1 (EXT=3, MOT=0, PHY=2), register strategy fit 'Core adjacent', rights UNKNOWN, safety medium, model status 'YES — controlled CAD/source + model artifact', and 20 sibling products in its product family. Economics is a complexity and purchased-content proxy only; no product COGS or price is recorded yet.",DIRECTIONAL PLANNING SCORE — NOT VALIDATED DEMAND OR RELEASE APPROVAL,2026-09-04,1.0
products/furniture-systems/mm-sys-013-trofast-adult-workshop-insert,MM-SYS-013,TROFAST Adult Workshop Insert,System-furniture insert,DERIVED — PRODUCT PREFLIGHT AND REGISTER EVIDENCE v1.0,89,70.2,91,4,4,2,2,2,4,4,4,4,3,3,Research family 'Named-system furniture organization' median 92; mapped from category 'System-furniture insert'; strategy-fit adjustment -3,"Derived from the live preflight C3/R2/K1 (EXT=3, MOT=0, PHY=2), register strategy fit 'Core adjacent', rights UNKNOWN, safety medium, model status 'YES — controlled CAD/source + model artifact', and 20 sibling products in its product family. Economics is a complexity and purchased-content proxy only; no product COGS or price is recorded yet.",DIRECTIONAL PLANNING SCORE — NOT VALIDATED DEMAND OR RELEASE APPROVAL,2026-09-04,1.0
products/furniture-systems/mm-sys-014-kallax-creative-material-cassette,MM-SYS-014,KALLAX Creative Material Cassette,System-furniture storage,DERIVED — PRODUCT PREFLIGHT AND REGISTER EVIDENCE v1.0,89,70.2,91,4,4,2,2,2,4,4,4,4,3,3,Research family 'Named-system furniture organization' median 92; mapped from category 'System-furniture storage'; strategy-fit adjustment -3,"Derived from the live preflight C3/R2/K1 (EXT=3, MOT=0, PHY=2), register strategy fit 'Core adjacent', rights UNKNOWN, safety medium, model status 'YES — controlled CAD/source + model artifact', and 20 sibling products in its product family. Economics is a complexity and purchased-content proxy only; no product COGS or price is recorded yet.",DIRECTIONAL PLANNING SCORE — NOT VALIDATED DEMAND OR RELEASE APPROVAL,2026-09-04,1.0
products/furniture-systems/mm-sys-015-boaxel-basket-microsorter,MM-SYS-015,BOAXEL Basket Microsorter,System-furniture organizer,DERIVED — PRODUCT PREFLIGHT AND REGISTER EVIDENCE v1.0,89,70.2,91,4,4,2,2,2,4,4,4,4,3,3,Research family 'Named-system furniture organization' median 92; mapped from category 'System-furniture organizer'; strategy-fit adjustment -3,"Derived from the live preflight C3/R2/K1 (EXT=3, MOT=0, PHY=2), register strategy fit 'Core adjacent', rights UNKNOWN, safety medium, model status 'YES — controlled CAD/source + model artifact', and 20 sibling products in its product family. Economics is a complexity and purchased-content proxy only; no product COGS or price is recorded yet.",DIRECTIONAL PLANNING SCORE — NOT VALIDATED DEMAND OR RELEASE APPROVAL,2026-09-04,1.0
products/furniture-systems/mm-sys-016-malm-fold-size-drawer-dividers,MM-SYS-016,MALM Fold-Size Drawer Dividers,System-furniture insert,DERIVED — PRODUCT PREFLIGHT AND REGISTER EVIDENCE v1.0,89,70.2,91,4,4,2,2,2,4,4,4,4,3,3,Research family 'Named-system furniture organization' median 92; mapped from category 'System-furniture insert'; strategy-fit adjustment -3,"Derived from the live preflight C3/R2/K1 (EXT=3, MOT=0, PHY=2), register strategy fit 'Core adjacent', rights UNKNOWN, safety medium, model status 'YES — controlled CAD/source + model artifact', and 20 sibling products in its product family. Economics is a complexity and purchased-content proxy only; no product COGS or price is recorded yet.",DIRECTIONAL PLANNING SCORE — NOT VALIDATED DEMAND OR RELEASE APPROVAL,2026-09-04,1.0
products/furniture-systems/mm-sys-017-ivar-no-drill-side-inventory-rail,MM-SYS-017,IVAR No-Drill Side Inventory Rail,System-furniture rail,DERIVED — PRODUCT PREFLIGHT AND REGISTER EVIDENCE v1.0,76,63.2,78,4,3,2,2,3,4,4,4,4,2,3,Research family 'Modular pegboard & wall-storage ecosystems' median 79; mapped from category 'System-furniture rail'; strategy-fit adjustment -3,"Derived from the live preflight C3/R2/K2 (EXT=3, MOT=0, PHY=2), register strategy fit 'Core adjacent', rights UNKNOWN, safety high, model status 'YES — controlled CAD/source + model artifact', and 20 sibling products in its product family. Economics is a complexity and purchased-content proxy only; no product COGS or price is recorded yet.",DIRECTIONAL PLANNING SCORE — NOT VALIDATED DEMAND OR RELEASE APPROVAL,2026-09-04,1.0
products/furniture-systems/mm-sys-018-billy-collection-display-matrix,MM-SYS-018,BILLY Collection Display Matrix,System-furniture display,DERIVED — PRODUCT PREFLIGHT AND REGISTER EVIDENCE v1.0,87,70.2,89,4,4,2,2,2,4,4,4,4,3,3,Research family 'Collectible display and storage' median 90; mapped from category 'System-furniture display'; strategy-fit adjustment -3,"Derived from the live preflight C3/R2/K1 (EXT=3, MOT=0, PHY=2), register strategy fit 'Core adjacent', rights UNKNOWN, safety medium, model status 'YES — controlled CAD/source + model artifact', and 20 sibling products in its product family. Economics is a complexity and purchased-content proxy only; no product COGS or price is recorded yet.",DIRECTIONAL PLANNING SCORE — NOT VALIDATED DEMAND OR RELEASE APPROVAL,2026-09-04,1.0
products/furniture-systems/mm-sys-019-lagkapten-alex-reversible-cable-rail,MM-SYS-019,LAGKAPTEN/ALEX Reversible Cable Rail,System-furniture cable accessory,DERIVED — PRODUCT PREFLIGHT AND REGISTER EVIDENCE v1.0,89,67.2,91,4,4,2,2,3,4,4,4,4,2,3,Research family 'Cable-management systems' median 92; mapped from category 'System-furniture cable accessory'; strategy-fit adjustment -3,"Derived from the live preflight C3/R2/K2 (EXT=3, MOT=0, PHY=2), register strategy fit 'Core adjacent', rights UNKNOWN, safety medium, model status 'YES — controlled CAD/source + model artifact', and 20 sibling products in its product family. Economics is a complexity and purchased-content proxy only; no product COGS or price is recorded yet.",DIRECTIONAL PLANNING SCORE — NOT VALIDATED DEMAND OR RELEASE APPROVAL,2026-09-04,1.0
products/furniture-systems/mm-sys-020-lack-leg-two-pocket-mini-dock,MM-SYS-020,LACK Leg Two-Pocket Mini Dock,System-furniture dock,DERIVED — PRODUCT PREFLIGHT AND REGISTER EVIDENCE v1.0,89,70.2,91,4,4,2,2,2,4,4,4,4,3,3,Research family 'Named-system furniture organization' median 92; mapped from category 'System-furniture dock'; strategy-fit adjustment -3,"Derived from the live preflight C3/R2/K1 (EXT=3, MOT=0, PHY=2), register strategy fit 'Core adjacent', rights UNKNOWN, safety high, model status 'YES — controlled CAD/source + model artifact', and 20 sibling products in its product family. Economics is a complexity and purchased-content proxy only; no product COGS or price is recorded yet.",DIRECTIONAL PLANNING SCORE — NOT VALIDATED DEMAND OR RELEASE APPROVAL,2026-09-04,1.0
products/home-kitchen-garden/mm-bth-003-linear-shower-drain-hair-trap,MM-BTH-003,Linear Shower Drain Hair Trap,Shower-drain accessory,DERIVED — PRODUCT PREFLIGHT AND REGISTER EVIDENCE v1.0,78,62.2,80,4,3,2,2,4,4,4,4,4,3,3,Research family 'Bathroom & shower organizers' median 81; mapped from category 'Shower-drain accessory'; strategy-fit adjustment -3,"Derived from the live preflight C3/R2/K2 (EXT=0, MOT=0, PHY=3), register strategy fit 'Core adjacent', rights partly recorded, safety medium, model status 'YES — controlled CAD/source + model artifact', and 6 sibling products in its product family. Economics is a complexity and purchased-content proxy only; no product COGS or price is recorded yet.",DIRECTIONAL PLANNING SCORE — NOT VALIDATED DEMAND OR RELEASE APPROVAL,2026-09-04,1.0
products/home-kitchen-garden/mm-dec-003-sunflower-bowl-tray,MM-DEC-003,Sunflower Bowl / Tray,Decorative tray,DERIVED — PRODUCT PREFLIGHT AND REGISTER EVIDENCE v1.0,78,53.2,80,4,3,2,2,4,4,3,3,3,2,3,Research family 'Vases & sculptural containers' median 86; mapped from category 'Decorative tray'; strategy-fit adjustment -8,"Derived from the live preflight C3/R1/K1 (EXT=3, MOT=0, PHY=3), register strategy fit 'Adjacent', rights UNKNOWN, safety low, model status 'YES — controlled CAD/source + model artifact', and 6 sibling products in its product family. Economics is a complexity and purchased-content proxy only; no product COGS or price is recorded yet.",DIRECTIONAL PLANNING SCORE — NOT VALIDATED DEMAND OR RELEASE APPROVAL,2026-09-04,1.0
products/home-kitchen-garden/mm-gar-001-rainwater-filter-well,MM-GAR-001,Rainwater Filter Well R2/R3,Garden water system,DERIVED — PRODUCT PREFLIGHT AND REGISTER EVIDENCE v1.0,20,38,22,5,1,1,1,4,5,1,2,3,3,4,NO PRIMARY-SOURCE RESEARCH FAMILY for category 'Garden water system'; baseline 35 below every scored research family; strategy-fit adjustment -18,"Derived from the live preflight C2/R2/K2 (EXT=0, MOT=0, PHY=3), register strategy fit 'Off-strategy', rights UNKNOWN, safety very high, model status 'YES — controlled CAD/source + model artifact', and 6 sibling products in its product family. Economics is a complexity and purchased-content proxy only; no product COGS or price is recorded yet.",DIRECTIONAL PLANNING SCORE — NOT VALIDATED DEMAND OR RELEASE APPROVAL,2026-09-04,1.0
products/home-kitchen-garden/mm-home-001-cup-and-measuring-spoon,MM-HOME-001,Cup and 3 g Measuring Spoon,Food-contact household item,DERIVED — PRODUCT PREFLIGHT AND REGISTER EVIDENCE v1.0,20,42.2,22,4,1,1,1,3,4,1,2,3,3,4,NO PRIMARY-SOURCE RESEARCH FAMILY for category 'Food-contact household item'; baseline 35 below every scored research family; strategy-fit adjustment -18,"Derived from the live preflight C2/R1/K1 (EXT=3, MOT=0, PHY=1), register strategy fit 'Off-strategy', rights UNKNOWN, safety high, model status 'YES — controlled CAD/source + model artifact', and 6 sibling products in its product family. Economics is a complexity and purchased-content proxy only; no product COGS or price is recorded yet.",DIRECTIONAL PLANNING SCORE — NOT VALIDATED DEMAND OR RELEASE APPROVAL,2026-09-04,1.0
products/home-kitchen-garden/unregistered-aroma-diffuser,UNREGISTERED-AROMA-DIFFUSER,Unregistered Aroma Diffuser,Aroma-diffuser concept,DERIVED — PRODUCT PREFLIGHT AND REGISTER EVIDENCE v1.0,20,31.2,22,4,1,1,3,5,4,1,2,2,3,4,NO PRIMARY-SOURCE RESEARCH FAMILY for category 'Aroma-diffuser concept'; baseline 35 below every scored research family; strategy-fit adjustment -18,"Derived from the live preflight C2/R0/K2 (EXT=0, MOT=0, PHY=3), register strategy fit 'Off-strategy', rights not documented, safety medium, model status 'NO — no local 3D model found', and 6 sibling products in its product family. Economics is a complexity and purchased-content proxy only; no product COGS or price is recorded yet.",DIRECTIONAL PLANNING SCORE — NOT VALIDATED DEMAND OR RELEASE APPROVAL,2026-09-04,1.0
products/home-kitchen-garden/unregistered-shower-drain-hairtrap,UNREGISTERED-SHOWER-DRAIN-HAIRTRAP,Unregistered Shower Drain Hairtrap,Shower-drain accessory concept,DERIVED — PRODUCT PREFLIGHT AND REGISTER EVIDENCE v1.0,78,53.2,80,4,3,2,3,5,4,4,4,2,3,4,Research family 'Bathroom & shower organizers' median 81; mapped from category 'Shower-drain accessory concept'; strategy-fit adjustment -3,"Derived from the live preflight C2/R0/K2 (EXT=0, MOT=0, PHY=3), register strategy fit 'Core adjacent', rights not documented, safety medium, model status 'NO — no local 3D model found', and 6 sibling products in its product family. Economics is a complexity and purchased-content proxy only; no product COGS or price is recorded yet.",DIRECTIONAL PLANNING SCORE — NOT VALIDATED DEMAND OR RELEASE APPROVAL,2026-09-04,1.0
products/organization-storage/mm-bth-001-premium-over-toilet-shelf,MM-BTH-001,Premium Over-Toilet Shelf,Integrated bathroom storage,DERIVED — PRODUCT PREFLIGHT AND REGISTER EVIDENCE v1.0,78,58,80,5,3,2,2,4,5,4,4,3,4,3,Research family 'Bathroom & shower organizers' median 81; mapped from category 'Integrated bathroom storage'; strategy-fit adjustment -3,"Derived from the live preflight C3/R2/K3 (EXT=0, MOT=0, PHY=2), register strategy fit 'Core adjacent', rights UNKNOWN, safety high, model status 'YES — controlled CAD/source + model artifact', and 44 sibling products in its product family. Economics is a complexity and purchased-content proxy only; no product COGS or price is recorded yet.",DIRECTIONAL PLANNING SCORE — NOT VALIDATED DEMAND OR RELEASE APPROVAL,2026-09-04,1.0
products/organization-storage/mm-bth-002-toilet-paper-fifo-system,MM-BTH-002,Toilet Paper FIFO System,Bathroom storage,DERIVED — PRODUCT PREFLIGHT AND REGISTER EVIDENCE v1.0,78,65.2,80,4,3,2,2,3,4,4,4,4,4,3,Research family 'Bathroom & shower organizers' median 81; mapped from category 'Bathroom storage'; strategy-fit adjustment -3,"Derived from the live preflight C3/R2/K2 (EXT=0, MOT=0, PHY=2), register strategy fit 'Core adjacent', rights UNKNOWN, safety high, model status 'YES — controlled CAD/source + model artifact', and 44 sibling products in its product family. Economics is a complexity and purchased-content proxy only; no product COGS or price is recorded yet.",DIRECTIONAL PLANNING SCORE — NOT VALIDATED DEMAND OR RELEASE APPROVAL,2026-09-04,1.0
products/organization-storage/mm-org-001-drawerfit-modular,MM-ORG-001,DrawerFit Modular,Exact-fit organizer,INHERITED — MAPPED RESEARCH IDEA SKU-001,96,91,98,1,5,3,2,3,1,5,5,5,4,5,Recorded trend of mapped research idea SKU-001 (Custom desk & drawer organizers); sources S05; S06; S11; S19,"Estimated market fit 5/5 with evidence confidence 3/5; strategy fit 5/5; additive differentiation 5/5; portfolio leverage 5/5; creation effort 2/5, validation effort 3/5 and commercial risk 1/5.",DIRECTIONAL PLANNING SCORE — NOT VALIDATED DEMAND OR RELEASE APPROVAL,2026-09-04,1.0
products/organization-storage/mm-org-002-shelffit-mini-bins,MM-ORG-002,ShelfFit Mini Bins,Exact-fit storage,DERIVED — PRODUCT PREFLIGHT AND REGISTER EVIDENCE v1.0,91,77.2,93,4,5,2,1,3,4,5,4,3,4,5,Research family 'Exact-fit shelf organization' median 91; mapped from category 'Exact-fit storage'; strategy-fit adjustment +0,"Derived from the live preflight C2/R2/K2 (EXT=0, MOT=0, PHY=2), register strategy fit 'Core', rights partly recorded, safety low, model status 'YES — controlled CAD/source + model artifact', and 44 sibling products in its product family. Economics is a complexity and purchased-content proxy only; no product COGS or price is recorded yet.",DIRECTIONAL PLANNING SCORE — NOT VALIDATED DEMAND OR RELEASE APPROVAL,2026-09-04,1.0
products/organization-storage/mm-org-003-modern-carbon-desk-organizer,MM-ORG-003,Modern Carbon Desk Organizer,Desk organizer,DERIVED — PRODUCT PREFLIGHT AND REGISTER EVIDENCE v1.0,92,69.2,94,4,5,2,2,3,4,4,4,3,3,3,Research family 'Custom desk & drawer organizers' median 95; mapped from category 'Desk organizer'; strategy-fit adjustment -3,"Derived from the live preflight C3/R1/K1 (EXT=3, MOT=0, PHY=1), register strategy fit 'Core adjacent', rights UNKNOWN, safety medium, model status 'YES — controlled CAD/source + model artifact', and 44 sibling products in its product family. Economics is a complexity and purchased-content proxy only; no product COGS or price is recorded yet.",DIRECTIONAL PLANNING SCORE — NOT VALIDATED DEMAND OR RELEASE APPROVAL,2026-09-04,1.0
products/organization-storage/mm-org-004-modular-desktop-tray-system,MM-ORG-004,Modular Desktop Tray System,Desktop organizer,INHERITED — MAPPED RESEARCH IDEA SKU-002,95,97,97,1,5,3,1,1,1,5,5,5,4,5,Recorded trend of mapped research idea SKU-002 (Custom desk & drawer organizers); sources S05; S06; S11; S19,"Estimated market fit 5/5 with evidence confidence 3/5; strategy fit 5/5; additive differentiation 5/5; portfolio leverage 5/5; creation effort 1/5, validation effort 1/5 and commercial risk 1/5.",DIRECTIONAL PLANNING SCORE — NOT VALIDATED DEMAND OR RELEASE APPROVAL,2026-09-04,1.0
products/organization-storage/mm-org-005-desk-edge-cable-clip-kit,MM-ORG-005,Desk-edge Cable Clip Kit,Cable management,INHERITED — MAPPED RESEARCH IDEA SKU-003,95,97,97,1,5,2,1,1,1,5,5,5,5,5,Recorded trend of mapped research idea SKU-003 (Cable-management systems); sources S05; S09; S11; S19,"Estimated market fit 5/5 with evidence confidence 2/5; strategy fit 5/5; additive differentiation 5/5; portfolio leverage 5/5; creation effort 1/5, validation effort 1/5 and commercial risk 1/5.",DIRECTIONAL PLANNING SCORE — NOT VALIDATED DEMAND OR RELEASE APPROVAL,2026-09-04,1.0
products/organization-storage/mm-org-006-charging-cable-docking-bar,MM-ORG-006,Charging-cable Docking Bar,Cable management,INHERITED — MAPPED RESEARCH IDEA SKU-004,94,92,96,1,5,2,2,2,1,5,5,5,4,5,Recorded trend of mapped research idea SKU-004 (Cable-management systems); sources S05; S09; S11; S19,"Estimated market fit 5/5 with evidence confidence 2/5; strategy fit 5/5; additive differentiation 5/5; portfolio leverage 5/5; creation effort 2/5, validation effort 2/5 and commercial risk 1/5.",DIRECTIONAL PLANNING SCORE — NOT VALIDATED DEMAND OR RELEASE APPROVAL,2026-09-04,1.0
products/organization-storage/mm-org-007-adjustable-passive-phone-stand,MM-ORG-007,Adjustable Passive Phone Stand,Phone/tablet stand,INHERITED — MAPPED RESEARCH IDEA SKU-005,93,90,95,1,5,2,2,2,1,4,5,5,5,5,Recorded trend of mapped research idea SKU-005 (Phone/tablet stands & passive docks); sources S03; S05; S09; S11; S19,"Estimated market fit 5/5 with evidence confidence 2/5; strategy fit 4/5; additive differentiation 5/5; portfolio leverage 5/5; creation effort 2/5, validation effort 2/5 and commercial risk 1/5.",DIRECTIONAL PLANNING SCORE — NOT VALIDATED DEMAND OR RELEASE APPROVAL,2026-09-04,1.0
products/organization-storage/mm-org-008-custom-lipstick-tube-grid,MM-ORG-008,Custom Lipstick and Tube Grid,Vanity organizer,INHERITED — MAPPED RESEARCH IDEA SKU-006,92,95,94,1,5,3,1,1,1,4,5,5,5,5,Recorded trend of mapped research idea SKU-006 (Makeup & vanity organizers); sources S07; S11; S19,"Estimated market fit 5/5 with evidence confidence 3/5; strategy fit 4/5; additive differentiation 5/5; portfolio leverage 5/5; creation effort 1/5, validation effort 1/5 and commercial risk 1/5.",DIRECTIONAL PLANNING SCORE — NOT VALIDATED DEMAND OR RELEASE APPROVAL,2026-09-04,1.0
products/organization-storage/mm-org-009-tapered-drawer-perimeter-filler-rail-set,MM-ORG-009,Tapered drawer perimeter filler rail set,Exact-fit drawer extensions,INHERITED — MAPPED RESEARCH IDEA SKU-102,86,94,88,1,5,3,1,2,1,5,5,5,5,3,Recorded trend of mapped research idea SKU-102 (Exact-fit drawer extensions); sources S31; S11; S19; S32,"Estimated market fit 5/5 with evidence confidence 3/5; strategy fit 5/5; additive differentiation 5/5; portfolio leverage 5/5; creation effort 1/5, validation effort 2/5 and commercial risk 1/5.",DIRECTIONAL PLANNING SCORE — NOT VALIDATED DEMAND OR RELEASE APPROVAL,2026-09-04,1.0
products/organization-storage/mm-org-010-personalized-pen-stationery-caddy,MM-ORG-010,Personalized pen and stationery caddy,Custom desk & drawer organizers,INHERITED — MAPPED RESEARCH IDEA SKU-018,94,96,96,1,5,3,1,1,1,5,4,5,5,5,Recorded trend of mapped research idea SKU-018 (Custom desk & drawer organizers); sources S05; S06; S11; S19,"Estimated market fit 5/5 with evidence confidence 3/5; strategy fit 5/5; additive differentiation 4/5; portfolio leverage 5/5; creation effort 1/5, validation effort 1/5 and commercial risk 1/5.",DIRECTIONAL PLANNING SCORE — NOT VALIDATED DEMAND OR RELEASE APPROVAL,2026-09-04,1.0
products/organization-storage/mm-org-011-crochet-hook-diameter-rack,MM-ORG-011,Crochet-hook diameter rack,Sewing and needlecraft organization,INHERITED — MAPPED RESEARCH IDEA SKU-150,91,96,93,1,5,3,1,1,1,5,5,5,4,4,Recorded trend of mapped research idea SKU-150 (Sewing and needlecraft organization); sources S33; S11; S19; S32,"Estimated market fit 5/5 with evidence confidence 3/5; strategy fit 5/5; additive differentiation 5/5; portfolio leverage 5/5; creation effort 1/5, validation effort 1/5 and commercial risk 1/5.",DIRECTIONAL PLANNING SCORE — NOT VALIDATED DEMAND OR RELEASE APPROVAL,2026-09-04,1.0
products/organization-storage/mm-org-012-stationery-refill-inventory-tray,MM-ORG-012,Stationery-refill inventory tray,Desk and stationery organization,INHERITED — MAPPED RESEARCH IDEA SKU-196,95,96,97,1,5,3,1,1,1,5,5,5,4,4,Recorded trend of mapped research idea SKU-196 (Desk and stationery organization); sources S31; S01; S33; S11; S19; S32,"Estimated market fit 5/5 with evidence confidence 3/5; strategy fit 5/5; additive differentiation 5/5; portfolio leverage 5/5; creation effort 1/5, validation effort 1/5 and commercial risk 1/5.",DIRECTIONAL PLANNING SCORE — NOT VALIDATED DEMAND OR RELEASE APPROVAL,2026-09-04,1.0
products/organization-storage/mm-org-013-photo-postcard-archive-drawer-divider,MM-ORG-013,Photo and postcard archive drawer divider,Memory-keeping organization,INHERITED — MAPPED RESEARCH IDEA SKU-112,98,95,99,1,5,4,1,1,1,5,5,5,3,3,Recorded trend of mapped research idea SKU-112 (Memory-keeping organization); sources S01; S31; S33; S11; S19; S32,"Estimated market fit 5/5 with evidence confidence 4/5; strategy fit 5/5; additive differentiation 5/5; portfolio leverage 5/5; creation effort 1/5, validation effort 1/5 and commercial risk 1/5.",DIRECTIONAL PLANNING SCORE — NOT VALIDATED DEMAND OR RELEASE APPROVAL,2026-09-04,1.0
products/organization-storage/mm-org-014-embroidery-floss-project-palette-dock,MM-ORG-014,Embroidery-floss project palette dock,Sewing and needlecraft organization,INHERITED — MAPPED RESEARCH IDEA SKU-148,93,95,95,1,5,3,1,1,1,5,5,5,4,3,Recorded trend of mapped research idea SKU-148 (Sewing and needlecraft organization); sources S33; S01; S11; S19; S32,"Estimated market fit 5/5 with evidence confidence 3/5; strategy fit 5/5; additive differentiation 5/5; portfolio leverage 5/5; creation effort 1/5, validation effort 1/5 and commercial risk 1/5.",DIRECTIONAL PLANNING SCORE — NOT VALIDATED DEMAND OR RELEASE APPROVAL,2026-09-04,1.0
products/organization-storage/mm-org-015-adapter-dongle-drawer-cassette,MM-ORG-015,Adapter-and-dongle drawer cassette,Electronics-accessory organization,INHERITED — MAPPED RESEARCH IDEA SKU-105,88,91.8,90,2,5,3,1,2,2,5,5,5,4,4,Recorded trend of mapped research idea SKU-105 (Electronics-accessory organization); sources S31; S09; S11; S19; S32,"Estimated market fit 5/5 with evidence confidence 3/5; strategy fit 5/5; additive differentiation 5/5; portfolio leverage 5/5; creation effort 1/5, validation effort 2/5 and commercial risk 2/5.",DIRECTIONAL PLANNING SCORE — NOT VALIDATED DEMAND OR RELEASE APPROVAL,2026-09-04,1.0
products/organization-storage/mm-org-016-stencil-ruler-bookmark-set,MM-ORG-016,Stencil-ruler bookmark set,Journaling & stationery accessories,INHERITED — MAPPED RESEARCH IDEA SKU-026,78,94,80,1,5,4,1,2,1,4,5,5,5,5,Recorded trend of mapped research idea SKU-026 (Journaling & stationery accessories); sources S01; S04; S11; S16,"Estimated market fit 5/5 with evidence confidence 4/5; strategy fit 4/5; additive differentiation 5/5; portfolio leverage 5/5; creation effort 1/5, validation effort 2/5 and commercial risk 1/5.",DIRECTIONAL PLANNING SCORE — NOT VALIDATED DEMAND OR RELEASE APPROVAL,2026-09-04,1.0
products/organization-storage/mm-org-017-modular-pocket-emptying-tray,MM-ORG-017,Modular pocket-emptying tray with coin slope,Personalized functional organization,INHERITED — MAPPED RESEARCH IDEA SKU-173,97,94,99,1,5,3,1,1,1,5,4,5,4,4,Recorded trend of mapped research idea SKU-173 (Personalized functional organization); sources S01; S31; S11; S19; S32,"Estimated market fit 5/5 with evidence confidence 3/5; strategy fit 5/5; additive differentiation 4/5; portfolio leverage 5/5; creation effort 1/5, validation effort 1/5 and commercial risk 1/5.",DIRECTIONAL PLANNING SCORE — NOT VALIDATED DEMAND OR RELEASE APPROVAL,2026-09-04,1.0
products/organization-storage/mm-org-018-drawer-measurement-gauge-kit,MM-ORG-018,Drawer measurement gauge and clearance coupon kit,Measurement and fit tools,INHERITED — MAPPED RESEARCH IDEA SKU-115,88,90,90,1,5,3,1,2,1,5,3,5,5,3,Recorded trend of mapped research idea SKU-115 (Measurement and fit tools); sources S31; S11; S19; S32,"Estimated market fit 5/5 with evidence confidence 3/5; strategy fit 5/5; additive differentiation 3/5; portfolio leverage 5/5; creation effort 1/5, validation effort 2/5 and commercial risk 1/5.",DIRECTIONAL PLANNING SCORE — NOT VALIDATED DEMAND OR RELEASE APPROVAL,2026-09-04,1.0
products/organization-storage/mm-org-019-label-tape-cartridge-rack,MM-ORG-019,Label-printer tape-cartridge rack,Office and small-business organization,INHERITED — MAPPED RESEARCH IDEA SKU-197,94,92.8,96,2,5,3,1,2,2,5,5,5,5,4,Recorded trend of mapped research idea SKU-197 (Office and small-business organization); sources S31; S01; S11; S19; S32,"Estimated market fit 5/5 with evidence confidence 3/5; strategy fit 5/5; additive differentiation 5/5; portfolio leverage 5/5; creation effort 1/5, validation effort 2/5 and commercial risk 2/5.",DIRECTIONAL PLANNING SCORE — NOT VALIDATED DEMAND OR RELEASE APPROVAL,2026-09-04,1.0
products/organization-storage/mm-org-020-belt-scarf-shelf-comb,MM-ORG-020,Wardrobe belt and scarf shelf comb,Wardrobe and shelf organization,INHERITED — MAPPED RESEARCH IDEA SKU-125,91,92,93,1,5,3,1,1,1,5,3,5,4,4,Recorded trend of mapped research idea SKU-125 (Wardrobe and shelf organization); sources S31; S11; S19; S32,"Estimated market fit 5/5 with evidence confidence 3/5; strategy fit 5/5; additive differentiation 3/5; portfolio leverage 5/5; creation effort 1/5, validation effort 1/5 and commercial risk 1/5.",DIRECTIONAL PLANNING SCORE — NOT VALIDATED DEMAND OR RELEASE APPROVAL,2026-09-04,1.0
products/organization-storage/mm-org-021-eyeglass-case-shelf-corral,MM-ORG-021,Eyeglass-case shelf corral with dividers,Personal-item organization,INHERITED — MAPPED RESEARCH IDEA SKU-199,91,92,93,1,5,3,1,1,1,5,3,5,4,4,Recorded trend of mapped research idea SKU-199 (Personal-item organization); sources S31; S11; S19; S32,"Estimated market fit 5/5 with evidence confidence 3/5; strategy fit 5/5; additive differentiation 3/5; portfolio leverage 5/5; creation effort 1/5, validation effort 1/5 and commercial risk 1/5.",DIRECTIONAL PLANNING SCORE — NOT VALIDATED DEMAND OR RELEASE APPROVAL,2026-09-04,1.0
products/organization-storage/mm-org-022-labelable-small-parts-bin-set,MM-ORG-022,Labelable small-parts bin set,Custom desk & drawer organizers,INHERITED — MAPPED RESEARCH IDEA SKU-023,95,91.8,97,2,5,3,2,2,2,5,5,5,5,5,Recorded trend of mapped research idea SKU-023 (Custom desk & drawer organizers); sources S05; S06; S11; S19,"Estimated market fit 5/5 with evidence confidence 3/5; strategy fit 5/5; additive differentiation 5/5; portfolio leverage 5/5; creation effort 2/5, validation effort 2/5 and commercial risk 2/5.",DIRECTIONAL PLANNING SCORE — NOT VALIDATED DEMAND OR RELEASE APPROVAL,2026-09-04,1.0
products/organization-storage/mm-org-023-page-holder-thumb-tool,MM-ORG-023,Page-holder thumb tool,Journaling & stationery accessories,INHERITED — MAPPED RESEARCH IDEA SKU-053,78,91.8,80,2,5,4,1,2,2,4,5,5,5,5,Recorded trend of mapped research idea SKU-053 (Journaling & stationery accessories); sources S01; S04; S11; S16,"Estimated market fit 5/5 with evidence confidence 4/5; strategy fit 4/5; additive differentiation 5/5; portfolio leverage 5/5; creation effort 1/5, validation effort 2/5 and commercial risk 2/5.",DIRECTIONAL PLANNING SCORE — NOT VALIDATED DEMAND OR RELEASE APPROVAL,2026-09-04,1.0
products/organization-storage/mm-org-024-deep-shelf-pull-tab-bin-front,MM-ORG-024,Deep-shelf pull-tab bin front,ShelfFit accessories,INHERITED — MAPPED RESEARCH IDEA SKU-118,88,88.8,90,2,5,3,1,3,2,5,5,5,4,3,Recorded trend of mapped research idea SKU-118 (ShelfFit accessories); sources S31; S11; S19; S32,"Estimated market fit 5/5 with evidence confidence 3/5; strategy fit 5/5; additive differentiation 5/5; portfolio leverage 5/5; creation effort 1/5, validation effort 3/5 and commercial risk 2/5.",DIRECTIONAL PLANNING SCORE — NOT VALIDATED DEMAND OR RELEASE APPROVAL,2026-09-04,1.0
products/organization-storage/mm-org-025-adjustable-vertical-makeup-palette-organizer,MM-ORG-025,Vertical makeup-palette organizer,Makeup & vanity organizers,INHERITED — MAPPED RESEARCH IDEA SKU-007,91,91,93,1,4,3,1,1,1,4,5,5,5,5,Recorded trend of mapped research idea SKU-007 (Makeup & vanity organizers); sources S07; S11; S19,"Estimated market fit 4/5 with evidence confidence 3/5; strategy fit 4/5; additive differentiation 5/5; portfolio leverage 5/5; creation effort 1/5, validation effort 1/5 and commercial risk 1/5.",DIRECTIONAL PLANNING SCORE — NOT VALIDATED DEMAND OR RELEASE APPROVAL,2026-09-04,1.0
products/organization-storage/mm-org-026-personalized-desk-nameplate,MM-ORG-026,Personalized desk nameplate,"Personalized signs, house numbers & event decor",INHERITED — MAPPED RESEARCH IDEA SKU-014,84,91,86,1,4,3,1,1,1,4,5,5,5,5,"Recorded trend of mapped research idea SKU-014 (Personalized signs, house numbers & event decor); sources S01; S04; S11; S16; S24","Estimated market fit 4/5 with evidence confidence 3/5; strategy fit 4/5; additive differentiation 5/5; portfolio leverage 5/5; creation effort 1/5, validation effort 1/5 and commercial risk 1/5.",DIRECTIONAL PLANNING SCORE — NOT VALIDATED DEMAND OR RELEASE APPROVAL,2026-09-04,1.0
products/organization-storage/mm-org-027-vinyl-record-divider-label-set,MM-ORG-027,Vinyl record-divider label set,"Bookends, vinyl & display stands",INHERITED — MAPPED RESEARCH IDEA SKU-024,78,91,80,1,4,3,1,1,1,4,5,5,5,5,"Recorded trend of mapped research idea SKU-024 (Bookends, vinyl & display stands); sources S01; S04; S11; S19","Estimated market fit 4/5 with evidence confidence 3/5; strategy fit 4/5; additive differentiation 5/5; portfolio leverage 5/5; creation effort 1/5, validation effort 1/5 and commercial risk 1/5.",DIRECTIONAL PLANNING SCORE — NOT VALIDATED DEMAND OR RELEASE APPROVAL,2026-09-04,1.0
products/organization-storage/mm-org-028-craft-stamp-die-index-rack,MM-ORG-028,Craft stamp and die index rack,Paper-craft organization,INHERITED — MAPPED RESEARCH IDEA SKU-158,94,90.8,96,2,5,4,1,2,2,5,5,5,3,3,Recorded trend of mapped research idea SKU-158 (Paper-craft organization); sources S33; S01; S11; S19; S32,"Estimated market fit 5/5 with evidence confidence 4/5; strategy fit 5/5; additive differentiation 5/5; portfolio leverage 5/5; creation effort 1/5, validation effort 2/5 and commercial risk 2/5.",DIRECTIONAL PLANNING SCORE — NOT VALIDATED DEMAND OR RELEASE APPROVAL,2026-09-04,1.0
products/organization-storage/mm-org-029-craft-night-modular-personal-supply-caddy,MM-ORG-029,Craft-night modular personal supply caddy,Group craft organization,INHERITED — MAPPED RESEARCH IDEA SKU-160,96,90.8,98,2,5,3,1,2,2,5,4,5,4,5,Recorded trend of mapped research idea SKU-160 (Group craft organization); sources S33; S01; S11; S19; S32,"Estimated market fit 5/5 with evidence confidence 3/5; strategy fit 5/5; additive differentiation 4/5; portfolio leverage 5/5; creation effort 1/5, validation effort 2/5 and commercial risk 2/5.",DIRECTIONAL PLANNING SCORE — NOT VALIDATED DEMAND OR RELEASE APPROVAL,2026-09-04,1.0
products/organization-storage/mm-org-030-irregular-corner-drawer-organizer-infill,MM-ORG-030,Irregular-corner drawer organizer infill,Exact-fit drawer extensions,INHERITED — MAPPED RESEARCH IDEA SKU-101,86,86.8,88,2,5,3,2,3,2,5,5,5,4,3,Recorded trend of mapped research idea SKU-101 (Exact-fit drawer extensions); sources S31; S11; S19; S32,"Estimated market fit 5/5 with evidence confidence 3/5; strategy fit 5/5; additive differentiation 5/5; portfolio leverage 5/5; creation effort 2/5, validation effort 3/5 and commercial risk 2/5.",DIRECTIONAL PLANNING SCORE — NOT VALIDATED DEMAND OR RELEASE APPROVAL,2026-09-04,1.0
products/organization-storage/mm-org-031-pageharbor-shelf-side-ereader-book-dock,MM-ORG-031,Shelf-side e-reader and book dock,Reading and shelf organization,INHERITED — MAPPED RESEARCH IDEA SKU-123,94,89.8,96,2,5,3,1,2,2,5,5,5,3,3,Recorded trend of mapped research idea SKU-123 (Reading and shelf organization); sources S01; S31; S11; S19; S32,"Estimated market fit 5/5 with evidence confidence 3/5; strategy fit 5/5; additive differentiation 5/5; portfolio leverage 5/5; creation effort 1/5, validation effort 2/5 and commercial risk 2/5.",DIRECTIONAL PLANNING SCORE — NOT VALIDATED DEMAND OR RELEASE APPROVAL,2026-09-04,1.0
products/organization-storage/mm-org-032-pairpin-thread-bobbin-rack,MM-ORG-032,Paired thread-and-bobbin rack,Sewing and needlecraft organization,INHERITED — MAPPED RESEARCH IDEA SKU-147,91,89.8,93,2,5,3,1,2,2,5,5,5,3,3,Recorded trend of mapped research idea SKU-147 (Sewing and needlecraft organization); sources S33; S11; S19; S32,"Estimated market fit 5/5 with evidence confidence 3/5; strategy fit 5/5; additive differentiation 5/5; portfolio leverage 5/5; creation effort 1/5, validation effort 2/5 and commercial risk 2/5.",DIRECTIONAL PLANNING SCORE — NOT VALIDATED DEMAND OR RELEASE APPROVAL,2026-09-04,1.0
products/organization-storage/mm-org-033-diamond-painting-tray-staging-rack,MM-ORG-033,Diamond-painting tray staging rack,Bead and mosaic craft organization,INHERITED — MAPPED RESEARCH IDEA SKU-156,94,89.8,96,2,5,3,1,2,2,5,4,5,4,4,Recorded trend of mapped research idea SKU-156 (Bead and mosaic craft organization); sources S33; S11; S19; S32,"Estimated market fit 5/5 with evidence confidence 3/5; strategy fit 5/5; additive differentiation 4/5; portfolio leverage 5/5; creation effort 1/5, validation effort 2/5 and commercial risk 2/5.",DIRECTIONAL PLANNING SCORE — NOT VALIDATED DEMAND OR RELEASE APPROVAL,2026-09-04,1.0
products/organization-storage/mm-org-034-snap-on-journal-pen-loop,MM-ORG-034,Snap-on journal pen loop,Journaling & stationery accessories,INHERITED — MAPPED RESEARCH IDEA SKU-025,78,89,80,1,5,4,2,3,1,4,5,5,4,5,Recorded trend of mapped research idea SKU-025 (Journaling & stationery accessories); sources S01; S04; S11; S16,"Estimated market fit 5/5 with evidence confidence 4/5; strategy fit 4/5; additive differentiation 5/5; portfolio leverage 5/5; creation effort 2/5, validation effort 3/5 and commercial risk 1/5.",DIRECTIONAL PLANNING SCORE — NOT VALIDATED DEMAND OR RELEASE APPROVAL,2026-09-04,1.0
products/organization-storage/mm-org-035-stamp-and-ink-pad-desk-organizer,MM-ORG-035,Stamp and ink-pad desk organizer,Journaling & stationery accessories,INHERITED — MAPPED RESEARCH IDEA SKU-047,77,88.8,79,2,5,4,2,2,2,4,5,5,5,4,Recorded trend of mapped research idea SKU-047 (Journaling & stationery accessories); sources S01; S04; S11; S16,"Estimated market fit 5/5 with evidence confidence 4/5; strategy fit 4/5; additive differentiation 5/5; portfolio leverage 5/5; creation effort 2/5, validation effort 2/5 and commercial risk 2/5.",DIRECTIONAL PLANNING SCORE — NOT VALIDATED DEMAND OR RELEASE APPROVAL,2026-09-04,1.0
products/organization-storage/mm-org-036-deep-drawer-height-riser-platform,MM-ORG-036,Deep-drawer height riser platform,Exact-fit drawer extensions,INHERITED — MAPPED RESEARCH IDEA SKU-104,88,88.8,90,2,5,3,1,3,2,5,5,5,4,3,Recorded trend of mapped research idea SKU-104 (Exact-fit drawer extensions); sources S31; S11; S19; S32,"Estimated market fit 5/5 with evidence confidence 3/5; strategy fit 5/5; additive differentiation 5/5; portfolio leverage 5/5; creation effort 1/5, validation effort 3/5 and commercial risk 2/5.",DIRECTIONAL PLANNING SCORE — NOT VALIDATED DEMAND OR RELEASE APPROVAL,2026-09-04,1.0
products/organization-storage/mm-org-037-sewing-bobbin-presser-foot-drawer-cassette,MM-ORG-037,Sewing bobbin and presser-foot drawer cassette,Sewing and needlecraft organization,INHERITED — MAPPED RESEARCH IDEA SKU-107,96,88.8,98,2,5,3,1,3,2,5,5,5,4,3,Recorded trend of mapped research idea SKU-107 (Sewing and needlecraft organization); sources S33; S31; S11; S19; S32,"Estimated market fit 5/5 with evidence confidence 3/5; strategy fit 5/5; additive differentiation 5/5; portfolio leverage 5/5; creation effort 1/5, validation effort 3/5 and commercial risk 2/5.",DIRECTIONAL PLANNING SCORE — NOT VALIDATED DEMAND OR RELEASE APPROVAL,2026-09-04,1.0
products/organization-storage/mm-org-038-milestone-photo-card-desk-display-block,MM-ORG-038,Milestone photo-and-card desk display block,Personalized functional decor,INHERITED — MAPPED RESEARCH IDEA SKU-180,92,92,94,1,5,3,1,1,1,5,3,5,4,4,Recorded trend of mapped research idea SKU-180 (Personalized functional decor); sources S01; S11; S19; S24; S32,"Estimated market fit 5/5 with evidence confidence 3/5; strategy fit 5/5; additive differentiation 3/5; portfolio leverage 5/5; creation effort 1/5, validation effort 1/5 and commercial risk 1/5.",DIRECTIONAL PLANNING SCORE — NOT VALIDATED DEMAND OR RELEASE APPROVAL,2026-09-04,1.0
products/organization-storage/mm-org-039-coin-capsule-medal-drawer-cassette,MM-ORG-039,Coin-capsule and medal drawer cassette,Collector drawer organization,INHERITED — MAPPED RESEARCH IDEA SKU-109,91,87.8,93,2,5,3,1,2,2,4,5,5,3,4,Recorded trend of mapped research idea SKU-109 (Collector drawer organization); sources S34; S31; S11; S19; S32,"Estimated market fit 5/5 with evidence confidence 3/5; strategy fit 4/5; additive differentiation 5/5; portfolio leverage 5/5; creation effort 1/5, validation effort 2/5 and commercial risk 2/5.",DIRECTIONAL PLANNING SCORE — NOT VALIDATED DEMAND OR RELEASE APPROVAL,2026-09-04,1.0
products/organization-storage/mm-org-040-field-notes-original-kraft-memo-book-station,MM-ORG-040,MM-ORG-040 Field Notes Original Kraft 89 x 140 memo-book station,Named-notebook desk organization,DERIVED — PRODUCT PREFLIGHT AND REGISTER EVIDENCE v1.0,94,77.2,96,4,5,3,2,2,4,5,5,2,4,5,Research family 'Named-notebook desk organization' median 94; exact category match; strategy-fit adjustment +0,"Derived from the live preflight C1/R3/K1 (EXT=1, MOT=0, PHY=0), register strategy fit 'Core — exact named-format or named-product organization with a guided metriMade proposition', rights not documented, safety not graded, model status 'NO — prospective preflight and contract only', and 44 sibling products in its product family. Economics is a complexity and purchased-content proxy only; no product COGS or price is recorded yet.",DIRECTIONAL PLANNING SCORE — NOT VALIDATED DEMAND OR RELEASE APPROVAL,2026-09-04,1.0
products/organization-storage/mm-per-001-nameform-bookends,MM-PER-001,NameForm Bookends,Personalized functional decor,DERIVED — PRODUCT PREFLIGHT AND REGISTER EVIDENCE v1.0,93,82.8,95,2,5,3,2,2,2,5,4,3,5,4,Research family 'Personalized functional decor' median 93; exact category match; strategy-fit adjustment +0,"Derived from the live preflight C3/R2/K1 (EXT=0, MOT=0, PHY=2), register strategy fit 'Core', rights partly recorded, safety low, model status 'YES — controlled CAD/source + model artifact', and 44 sibling products in its product family. Economics is a complexity and purchased-content proxy only; no product COGS or price is recorded yet.",DIRECTIONAL PLANNING SCORE — NOT VALIDATED DEMAND OR RELEASE APPROVAL,2026-09-04,1.0
products/organization-storage/mm-wall-001-honeycomb-wood-wall-shelf,MM-WALL-001,Honeycomb Wood Wall Shelf,Wall storage,DERIVED — PRODUCT PREFLIGHT AND REGISTER EVIDENCE v1.0,76,61,78,5,3,2,1,4,5,4,4,3,4,4,Research family 'Modular pegboard & wall-storage ecosystems' median 79; mapped from category 'Wall storage'; strategy-fit adjustment -3,"Derived from the live preflight C2/R2/K3 (EXT=0, MOT=0, PHY=2), register strategy fit 'Core adjacent', rights UNKNOWN, safety high, model status 'YES — controlled CAD/source + model artifact', and 44 sibling products in its product family. Economics is a complexity and purchased-content proxy only; no product COGS or price is recorded yet.",DIRECTIONAL PLANNING SCORE — NOT VALIDATED DEMAND OR RELEASE APPROVAL,2026-09-04,1.0
products/printer-workshop/mm-mkr-001-cybervault-nozzle-case,MM-MKR-001,CyberVault Nozzle Case,Maker storage,DERIVED — PRODUCT PREFLIGHT AND REGISTER EVIDENCE v1.0,67,59.2,69,4,3,2,2,2,4,3,3,3,4,3,Research family 'Workshop tool organization' median 75; mapped from category 'Maker storage'; strategy-fit adjustment -8,"Derived from the live preflight C3/R2/K1 (EXT=2, MOT=1, PHY=2), register strategy fit 'Adjacent', rights UNKNOWN, safety low, model status 'YES — controlled CAD/source + model artifact', and 9 sibling products in its product family. Economics is a complexity and purchased-content proxy only; no product COGS or price is recorded yet.",DIRECTIONAL PLANNING SCORE — NOT VALIDATED DEMAND OR RELEASE APPROVAL,2026-09-04,1.0
products/printer-workshop/mm-tool-001-kobra3max-enclosure,MM-TOOL-001,Kobra 3 Max Hybrid Enclosure,Printer accessory,DERIVED — PRODUCT PREFLIGHT AND REGISTER EVIDENCE v1.0,34,32,36,5,1,2,3,4,5,1,2,3,2,2,Research family '3D-printer workshop organization' median 51.5; mapped from category 'Printer accessory'; strategy-fit adjustment -18,"Derived from the live preflight C4/R2/K3 (EXT=3, MOT=1, PHY=2), register strategy fit 'Off-strategy', rights UNKNOWN, safety high, model status 'YES — controlled CAD/source + model artifact', and 9 sibling products in its product family. Economics is a complexity and purchased-content proxy only; no product COGS or price is recorded yet.",DIRECTIONAL PLANNING SCORE — NOT VALIDATED DEMAND OR RELEASE APPROVAL,2026-09-04,1.0
products/printer-workshop/mm-tool-002-filament-drybox-system,MM-TOOL-002,Filament Drybox Feed and Clip System,Printer accessory,DERIVED — PRODUCT PREFLIGHT AND REGISTER EVIDENCE v1.0,34,35.2,36,4,1,2,3,5,4,1,2,4,2,2,Research family '3D-printer workshop organization' median 51.5; mapped from category 'Printer accessory'; strategy-fit adjustment -18,"Derived from the live preflight C4/R1/K2 (EXT=2, MOT=1, PHY=3), register strategy fit 'Off-strategy', rights UNKNOWN, safety medium, model status 'YES — controlled CAD/source + model artifact', and 9 sibling products in its product family. Economics is a complexity and purchased-content proxy only; no product COGS or price is recorded yet.",DIRECTIONAL PLANNING SCORE — NOT VALIDATED DEMAND OR RELEASE APPROVAL,2026-09-04,1.0
products/printer-workshop/mm-tool-003-kobra3max-camera-arm,MM-TOOL-003,Kobra 3 Max Camera Arm,Printer camera mount,DERIVED — PRODUCT PREFLIGHT AND REGISTER EVIDENCE v1.0,34,36,36,5,1,2,2,5,5,1,2,4,2,3,Research family '3D-printer workshop organization' median 51.5; mapped from category 'Printer camera mount'; strategy-fit adjustment -18,"Derived from the live preflight C3/R1/K3 (EXT=3, MOT=1, PHY=2), register strategy fit 'Off-strategy', rights BLOCK, safety high, model status 'YES — controlled CAD/source + model artifact', and 9 sibling products in its product family. Economics is a complexity and purchased-content proxy only; no product COGS or price is recorded yet.",DIRECTIONAL PLANNING SCORE — NOT VALIDATED DEMAND OR RELEASE APPROVAL,2026-09-04,1.0
products/printer-workshop/mm-tool-004-claw-hammer-mesh,MM-TOOL-004,Claw Hammer Mesh,Tool-shaped model,DERIVED — PRODUCT PREFLIGHT AND REGISTER EVIDENCE v1.0,20,36.2,22,4,1,1,3,2,4,1,2,2,3,3,NO PRIMARY-SOURCE RESEARCH FAMILY for category 'Tool-shaped model'; baseline 35 below every scored research family; strategy-fit adjustment -18,"Derived from the live preflight C3/R1/K0 (EXT=3, MOT=1, PHY=2), register strategy fit 'Off-strategy', rights UNKNOWN, safety high, model status 'YES — model artifact present', and 9 sibling products in its product family. Economics is a complexity and purchased-content proxy only; no product COGS or price is recorded yet.",DIRECTIONAL PLANNING SCORE — NOT VALIDATED DEMAND OR RELEASE APPROVAL,2026-09-04,1.0
products/printer-workshop/unregistered-kobra3max-fan-cage,UNREGISTERED-K3M-PHC,Metrimade Kobra 3 Max Printhead Cover — independent rebuild,Printer printhead cover,DERIVED — PRODUCT PREFLIGHT AND REGISTER EVIDENCE v1.0,34,24,36,5,1,2,4,5,5,1,2,2,1,2,Research family '3D-printer workshop organization' median 51.5; mapped from category 'Printer printhead cover'; strategy-fit adjustment -18,"Derived from the live preflight C4/R2/K3 (EXT=2, MOT=3, PHY=3), register strategy fit 'Off-strategy', local source, commercial register open, safety not graded, model status 'YES — model artifacts exist', and 9 sibling products in its product family. Economics is a complexity and purchased-content proxy only; no product COGS or price is recorded yet.",DIRECTIONAL PLANNING SCORE — NOT VALIDATED DEMAND OR RELEASE APPROVAL,2026-09-04,1.0
products/printer-workshop/unregistered-kobra3max-poop-bin,UNREGISTERED-KOBRA3MAX-POOP-BIN,Unregistered Kobra 3 Max Poop Bin,Printer purge-waste bin,DERIVED — PRODUCT PREFLIGHT AND REGISTER EVIDENCE v1.0,34,33.2,36,4,1,2,3,4,4,1,2,2,3,3,Research family '3D-printer workshop organization' median 51.5; mapped from category 'Printer purge-waste bin'; strategy-fit adjustment -18,"Derived from the live preflight C3/R0/K2 (EXT=2, MOT=1, PHY=2), register strategy fit 'Off-strategy', local source, commercial register open, safety medium, model status 'YES — generator + model artifacts', and 9 sibling products in its product family. Economics is a complexity and purchased-content proxy only; no product COGS or price is recorded yet.",DIRECTIONAL PLANNING SCORE — NOT VALIDATED DEMAND OR RELEASE APPROVAL,2026-09-04,1.0
products/printer-workshop/unregistered-kobra3max-purge-catcher,ANYCUBIC-K3MAX-PURGE-CATCHER-R7,Anycubic Kobra 3 Max Purge Catcher — interface redesign,Printer purge-waste diverter,DERIVED — PRODUCT PREFLIGHT AND REGISTER EVIDENCE v1.0,34,37.2,36,4,1,2,2,4,4,1,2,3,2,3,Research family '3D-printer workshop organization' median 51.5; mapped from category 'Printer purge-waste diverter'; strategy-fit adjustment -18,"Derived from the live preflight C3/R2/K2 (EXT=2, MOT=1, PHY=3), register strategy fit 'Off-strategy', local source, commercial register open, safety medium, model status 'YES — controlled source + interface coupon artifacts', and 9 sibling products in its product family. Economics is a complexity and purchased-content proxy only; no product COGS or price is recorded yet.",DIRECTIONAL PLANNING SCORE — NOT VALIDATED DEMAND OR RELEASE APPROVAL,2026-09-04,1.0
products/printer-workshop/unregistered-magnetic-mouse-jiggler,UNREGISTERED-MAGNETIC-MOUSE-JIGGLER,Unregistered Magnetic Mouse Jiggler,Desktop mechanism concept,DERIVED — PRODUCT PREFLIGHT AND REGISTER EVIDENCE v1.0,20,30.2,22,4,1,1,4,4,4,1,2,2,3,3,NO PRIMARY-SOURCE RESEARCH FAMILY for category 'Desktop mechanism concept'; baseline 35 below every scored research family; strategy-fit adjustment -18,"Derived from the live preflight C3/R0/K1 (EXT=2, MOT=3, PHY=2), register strategy fit 'Off-strategy', rights not documented, safety not graded, model status 'NO — no local 3D model found', and 9 sibling products in its product family. Economics is a complexity and purchased-content proxy only; no product COGS or price is recorded yet.",DIRECTIONAL PLANNING SCORE — NOT VALIDATED DEMAND OR RELEASE APPROVAL,2026-09-04,1.0
products/toys-games/mm-boat-001-fisher-boat,MM-BOAT-001,Fisher Boat,Toy/decor boat,DERIVED — PRODUCT PREFLIGHT AND REGISTER EVIDENCE v1.0,20,30.2,22,4,1,1,3,4,4,1,2,2,1,3,NO PRIMARY-SOURCE RESEARCH FAMILY for category 'Toy/decor boat'; baseline 35 below every scored research family; strategy-fit adjustment -18,"Derived from the live preflight C3/R1/K2 (EXT=3, MOT=2, PHY=2), register strategy fit 'Off-strategy', rights UNKNOWN, safety medium, model status 'YES — model artifact present', and 14 sibling products in its product family. Economics is a complexity and purchased-content proxy only; no product COGS or price is recorded yet.",DIRECTIONAL PLANNING SCORE — NOT VALIDATED DEMAND OR RELEASE APPROVAL,2026-09-04,1.0
products/toys-games/mm-boat-002-fisher-boat-detailed,MM-BOAT-002,Fisher Boat Detailed,Toy/decor boat,DERIVED — PRODUCT PREFLIGHT AND REGISTER EVIDENCE v1.0,20,30.2,22,4,1,1,3,4,4,1,2,2,1,3,NO PRIMARY-SOURCE RESEARCH FAMILY for category 'Toy/decor boat'; baseline 35 below every scored research family; strategy-fit adjustment -18,"Derived from the live preflight C3/R1/K2 (EXT=3, MOT=2, PHY=2), register strategy fit 'Off-strategy', rights UNKNOWN, safety medium, model status 'YES — model artifact present', and 14 sibling products in its product family. Economics is a complexity and purchased-content proxy only; no product COGS or price is recorded yet.",DIRECTIONAL PLANNING SCORE — NOT VALIDATED DEMAND OR RELEASE APPROVAL,2026-09-04,1.0
products/toys-games/mm-boat-003-flapping-tail-submarine,MM-BOAT-003,Flapping-Tail Submarine,Powered toy boat,DERIVED — PRODUCT PREFLIGHT AND REGISTER EVIDENCE v1.0,20,31,22,5,1,1,2,5,5,1,2,3,1,3,NO PRIMARY-SOURCE RESEARCH FAMILY for category 'Powered toy boat'; baseline 35 below every scored research family; strategy-fit adjustment -18,"Derived from the live preflight C3/R2/K3 (EXT=3, MOT=3, PHY=2), register strategy fit 'Off-strategy', rights UNKNOWN, safety very high, model status 'YES — controlled CAD/source + model artifact', and 14 sibling products in its product family. Economics is a complexity and purchased-content proxy only; no product COGS or price is recorded yet.",DIRECTIONAL PLANNING SCORE — NOT VALIDATED DEMAND OR RELEASE APPROVAL,2026-09-04,1.0
products/toys-games/mm-boat-004-rocket-boat,MM-BOAT-004,Rocket Boat,Toy/decor boat,DERIVED — PRODUCT PREFLIGHT AND REGISTER EVIDENCE v1.0,20,30.2,22,4,1,1,3,4,4,1,2,2,1,3,NO PRIMARY-SOURCE RESEARCH FAMILY for category 'Toy/decor boat'; baseline 35 below every scored research family; strategy-fit adjustment -18,"Derived from the live preflight C3/R1/K2 (EXT=3, MOT=2, PHY=2), register strategy fit 'Off-strategy', rights UNKNOWN, safety medium to high, model status 'YES — model artifact present', and 14 sibling products in its product family. Economics is a complexity and purchased-content proxy only; no product COGS or price is recorded yet.",DIRECTIONAL PLANNING SCORE — NOT VALIDATED DEMAND OR RELEASE APPROVAL,2026-09-04,1.0
products/toys-games/mm-boat-005-toy-boat,MM-BOAT-005,Toy Boat,Toy/decor boat,DERIVED — PRODUCT PREFLIGHT AND REGISTER EVIDENCE v1.0,20,30.2,22,4,1,1,3,4,4,1,2,2,1,3,NO PRIMARY-SOURCE RESEARCH FAMILY for category 'Toy/decor boat'; baseline 35 below every scored research family; strategy-fit adjustment -18,"Derived from the live preflight C3/R1/K2 (EXT=3, MOT=2, PHY=2), register strategy fit 'Off-strategy', rights UNKNOWN, safety medium to high, model status 'YES — model artifact present', and 14 sibling products in its product family. Economics is a complexity and purchased-content proxy only; no product COGS or price is recorded yet.",DIRECTIONAL PLANNING SCORE — NOT VALIDATED DEMAND OR RELEASE APPROVAL,2026-09-04,1.0
products/toys-games/mm-drn-001-openquad-cf5-fpv-quadcopter,MM-DRN-001,OpenQuad CF5 FPV Quadcopter,Hybrid five-inch FPV quadcopter,DERIVED — PRODUCT PREFLIGHT AND REGISTER EVIDENCE v1.0,20,27,22,5,1,1,4,5,5,1,2,3,1,3,NO PRIMARY-SOURCE RESEARCH FAMILY for category 'Hybrid five-inch FPV quadcopter'; baseline 35 below every scored research family; strategy-fit adjustment -18,"Derived from the live preflight C3/R0/K3 (EXT=3, MOT=3, PHY=2), register strategy fit 'Off-strategy', rights partly recorded, safety not graded, model status 'NO — source found, no local 3D model artifact', and 14 sibling products in its product family. Economics is a complexity and purchased-content proxy only; no product COGS or price is recorded yet.",DIRECTIONAL PLANNING SCORE — NOT VALIDATED DEMAND OR RELEASE APPROVAL,2026-09-04,1.0
products/toys-games/mm-hob-001-polygonal-dice-tower,MM-HOB-001,Polygonal Dice Tower 0.1.2-g1,Hobby accessory,DERIVED — PRODUCT PREFLIGHT AND REGISTER EVIDENCE v1.0,67,58.2,69,4,3,2,2,2,4,3,3,3,3,3,"Research family 'Board-game inserts, card holders & dice towers' median 75; mapped from category 'Hobby accessory'; strategy-fit adjustment -8","Derived from the live preflight C3/R2/K1 (EXT=1, MOT=2, PHY=2), register strategy fit 'Adjacent', rights UNKNOWN, safety low, model status 'YES — controlled CAD/source + model artifact', and 14 sibling products in its product family. Economics is a complexity and purchased-content proxy only; no product COGS or price is recorded yet.",DIRECTIONAL PLANNING SCORE — NOT VALIDATED DEMAND OR RELEASE APPROVAL,2026-09-04,1.0
products/toys-games/mm-puz-001-parametric-labyrinth-gift-box,MM-PUZ-001,Parametric Labyrinth Gift Box,Personalized container,DERIVED — PRODUCT PREFLIGHT AND REGISTER EVIDENCE v1.0,80,60.2,82,4,4,2,2,3,4,3,3,3,3,3,Research family 'Sentimental display and archive' median 88; mapped from category 'Personalized container'; strategy-fit adjustment -8,"Derived from the live preflight C3/R1/K1 (EXT=1, MOT=2, PHY=2), register strategy fit 'Adjacent', rights UNKNOWN, safety medium, model status 'YES — controlled CAD/source + model artifact', and 14 sibling products in its product family. Economics is a complexity and purchased-content proxy only; no product COGS or price is recorded yet.",DIRECTIONAL PLANNING SCORE — NOT VALIDATED DEMAND OR RELEASE APPROVAL,2026-09-04,1.0
products/toys-games/mm-puz-002-mystery-puzzle-box,MM-PUZ-002,Mystery Puzzle Box,Puzzle container,DERIVED — PRODUCT PREFLIGHT AND REGISTER EVIDENCE v1.0,63,56.5,65,3,2,2,2,2,3,3,3,3,3,3,Research family 'Adult desk fidgets & original collectibles' median 71; mapped from category 'Puzzle container'; strategy-fit adjustment -8,"Derived from the live preflight C3/R2/K1 (EXT=1, MOT=2, PHY=2), register strategy fit 'Adjacent', rights partly recorded, safety medium, model status 'YES — controlled CAD/source + model artifact', and 14 sibling products in its product family. Economics is a complexity and purchased-content proxy only; no product COGS or price is recorded yet.",DIRECTIONAL PLANNING SCORE — NOT VALIDATED DEMAND OR RELEASE APPROVAL,2026-09-04,1.0
products/toys-games/mm-rov-001-tethys-mini-rov,MM-ROV-001,Tethys Mini ROV,Tethered three-thruster mini ROV,DERIVED — PRODUCT PREFLIGHT AND REGISTER EVIDENCE v1.0,20,34,22,5,1,1,2,5,5,1,2,4,1,3,NO PRIMARY-SOURCE RESEARCH FAMILY for category 'Tethered three-thruster mini ROV'; baseline 35 below every scored research family; strategy-fit adjustment -18,"Derived from the live preflight C3/R0/K3 (EXT=3, MOT=2, PHY=3), register strategy fit 'Off-strategy', rights partly recorded, safety not graded, model status 'YES — controlled CAD/source + model artifact', and 14 sibling products in its product family. Economics is a complexity and purchased-content proxy only; no product COGS or price is recorded yet.",DIRECTIONAL PLANNING SCORE — NOT VALIDATED DEMAND OR RELEASE APPROVAL,2026-09-04,1.0
products/toys-games/mm-toy-001-rubber-ball-toy-popper,MM-TOY-001,20 mm Rubber-Ball Toy Popper,Projectile toy,DERIVED — PRODUCT PREFLIGHT AND REGISTER EVIDENCE v1.0,20,35,22,5,1,1,2,5,5,1,2,4,2,3,NO PRIMARY-SOURCE RESEARCH FAMILY for category 'Projectile toy'; baseline 35 below every scored research family; strategy-fit adjustment -18,"Derived from the live preflight C3/R1/K3 (EXT=1, MOT=2, PHY=2), register strategy fit 'Off-strategy', rights UNKNOWN, safety very high, model status 'YES — controlled CAD/source + model artifact', and 14 sibling products in its product family. Economics is a complexity and purchased-content proxy only; no product COGS or price is recorded yet.",DIRECTIONAL PLANNING SCORE — NOT VALIDATED DEMAND OR RELEASE APPROVAL,2026-09-04,1.0
products/toys-games/mm-toy-002-trailcam-cf10-rc-camera-rover,MM-TOY-002,TrailCam CF10 FPV Camera Rover,Low-speed FPV RC camera-rover payload system,DERIVED — PRODUCT PREFLIGHT AND REGISTER EVIDENCE v1.0,20,24,22,5,1,1,4,5,5,1,2,2,1,3,NO PRIMARY-SOURCE RESEARCH FAMILY for category 'Low-speed FPV RC camera-rover payload system'; baseline 35 below every scored research family; strategy-fit adjustment -18,"Derived from the live preflight C3/R2/K3 (EXT=3, MOT=3, PHY=2), register strategy fit 'Off-strategy', rights not documented, safety high, model status 'NO — no local 3D model found', and 14 sibling products in its product family. Economics is a complexity and purchased-content proxy only; no product COGS or price is recorded yet.",DIRECTIONAL PLANNING SCORE — NOT VALIDATED DEMAND OR RELEASE APPROVAL,2026-09-04,1.0
products/toys-games/mm-toy-003-trailcam-b2-balance-rover,MM-TOY-003,TrailCam B2 Balance FPV Rover,Low-speed self-balancing FPV camera rover,DERIVED — PRODUCT PREFLIGHT AND REGISTER EVIDENCE v1.0,20,24,22,5,1,1,4,5,5,1,2,2,1,3,NO PRIMARY-SOURCE RESEARCH FAMILY for category 'Low-speed self-balancing FPV camera rover'; baseline 35 below every scored research family; strategy-fit adjustment -18,"Derived from the live preflight C3/R2/K3 (EXT=3, MOT=3, PHY=2), register strategy fit 'Off-strategy', rights not documented, safety high, model status 'NO — concept image only', and 14 sibling products in its product family. Economics is a complexity and purchased-content proxy only; no product COGS or price is recorded yet.",DIRECTIONAL PLANNING SCORE — NOT VALIDATED DEMAND OR RELEASE APPROVAL,2026-09-04,1.0
products/toys-games/unregistered-duck-boat,UNREGISTERED-DUCK-BOAT,Unregistered Duck Boat,Toy/decor boat concept,DERIVED — PRODUCT PREFLIGHT AND REGISTER EVIDENCE v1.0,20,32.2,22,4,1,1,4,3,4,1,2,2,3,3,NO PRIMARY-SOURCE RESEARCH FAMILY for category 'Toy/decor boat concept'; baseline 35 below every scored research family; strategy-fit adjustment -18,"Derived from the live preflight C3/R0/K1 (EXT=1, MOT=2, PHY=2), register strategy fit 'Off-strategy', rights not documented, safety not graded, model status 'NO — no local 3D model found', and 14 sibling products in its product family. Economics is a complexity and purchased-content proxy only; no product COGS or price is recorded yet.",DIRECTIONAL PLANNING SCORE — NOT VALIDATED DEMAND OR RELEASE APPROVAL,2026-09-04,1.0
products/wearables/mm-acc-001-honeycomb-hair-clip,MM-ACC-001,Honeycomb Hair Clip R6,Wearable accessory,DERIVED — PRODUCT PREFLIGHT AND REGISTER EVIDENCE v1.0,20,26.2,22,4,1,1,4,4,4,1,2,2,1,1,NO PRIMARY-SOURCE RESEARCH FAMILY for category 'Wearable accessory'; baseline 35 below every scored research family; strategy-fit adjustment -18,"Derived from the live preflight C5/R2/K2 (EXT=1, MOT=3, PHY=3), register strategy fit 'Off-strategy', rights UNKNOWN, safety medium to high, model status 'YES — controlled CAD/source + model artifact', and 2 sibling products in its product family. Economics is a complexity and purchased-content proxy only; no product COGS or price is recorded yet.",DIRECTIONAL PLANNING SCORE — NOT VALIDATED DEMAND OR RELEASE APPROVAL,2026-09-04,1.0
products/wearables/mm-sho-001-barefoot-shoe-collection,MM-SHO-001,Barefoot Shoe Collection,Footwear,DERIVED — PRODUCT PREFLIGHT AND REGISTER EVIDENCE v1.0,20,25,22,5,1,1,4,5,5,1,2,3,1,1,NO PRIMARY-SOURCE RESEARCH FAMILY for category 'Footwear'; baseline 35 below every scored research family; strategy-fit adjustment -18,"Derived from the live preflight C5/R2/K3 (EXT=1, MOT=3, PHY=3), register strategy fit 'Off-strategy', rights UNKNOWN, safety high, model status 'YES — controlled CAD/source + model artifact', and 2 sibling products in its product family. Economics is a complexity and purchased-content proxy only; no product COGS or price is recorded yet.",DIRECTIONAL PLANNING SCORE — NOT VALIDATED DEMAND OR RELEASE APPROVAL,2026-09-04,1.0
