"ID","Category","Publisher","Title","Source Date","Checked","Evidence Used","URL","Used For"
"S31","2026 storage research","Ingka Group / IKEA","IKEA Store & Organise Report 2026: Finding Meaning in the Mess","2026-08-24","2026-08-27","Survey of 31,488 people in 31 markets: 68% report a catch-all drawer or box; 11% of Gen Z spend over 30 minutes daily looking for a charger; kitchen counters lead clutter and conflict; 82% keep sentimental objects.","https://www.ingka.com/newsroom/new-global-ikea-study-nearly-4-in-10-are-staging-a-silent-protest-over-household-mess/","Directional problem evidence for exact-fit drawers; cables; counters; sentimental storage and small-space organization."
"S32","Marketplace validation method","Etsy","How to Spot Trends and Keywords With Marketplace Insights","2025-11-04","2026-08-27","Etsy states that Marketplace Insights exposes real Etsy search volume; recent trends and listing competition; it recommends niche and keyword validation rather than treating broad trends as proof.","https://www.etsy.com/seller-handbook/article/1404564905677","Required next-step demand and competition check for every research idea before selection."
"S33","2026 craft trend report","The Michaels Companies","Michaels 2026 Creativity Trend Report","2026-03-10","2026-08-27","Company search; sales and survey data report analog-hobby searches up 136%; yarn-accessory sales up 40%; needlepoint searches up 251%; sewing-pattern searches up 152%; craft-night searches up 103%; guided-kit sales up 86%.","https://www.prnewswire.com/news-releases/michaels-unveils-2026-creativity-trend-report-revealing-a-shift-towards-creative-living-in-the-analog-era-302709301.html","Directional evidence for adult craft; sewing; journaling; group-craft and tool-organization concepts."
"S34","2025 recommerce research","eBay Inc.","2025 Recommerce Report","2025","2026-08-27","eBay reports passion as a major seller motive in trading cards; collectibles and antiques; 72% of respondents seek to reconnect with hobbies and interests; the survey covers nine markets including Germany.","https://www.ebayinc.com/recommerce-report/","Directional evidence for adult collectible; media; display and repair-adjacent organization concepts."
"S35","2025 physical-media industry report","Recording Industry Association of America","2025 Year-End Recorded Music Revenue Report","2026-03","2026-08-27","RIAA reports US vinyl revenue of about $1 billion; up 9.3%; with 19 consecutive years of growth.","https://www.riaa.com/wp-content/uploads/2026/03/RIAA-Year-End-Revenue-2025.pdf","Directional evidence for vinyl and adjacent physical-media organization accessories; US signal only."
"S36","2026 consumer-trend forecast","Pinterest","Pinterest Predicts 2026","2025-12","2026-08-31","Pinterest reports directional search growth for pen-pal and mail rituals (cute stamps +105%; pen-pal ideas +90%; snail-mail gifts +110%), Poetcore (poet aesthetic +175%; poet core +75%), and fragrance rituals (niche perfume collection +500%; layering combinations +125%; scent layering +75%; perfume notes +80%).","https://business.pinterest.com/pdf/pinterest-predicts/2026-trend-report/","Directional platform-search evidence for correspondence, writing-ritual and dry fragrance-accessory organization; not German product-level demand proof."
"S37","Named-device interface","Apple Inc.","iPhone 17 Pro and 17 Pro Max — Technical Specifications","2025","2026-08-31","The iPhone 17 Pro body envelope is published as 71.9 mm wide, 150.0 mm high and 8.75 mm deep; the page identifies the 2025 model.","https://www.apple.com/iphone-17-pro/specs/","Variant identity and top-level body-envelope cross-check for SKU-301; not accessory compatibility or demand proof."
"S38","Named-device dimensional drawing","Apple Inc.","iPhone 17 Pro Dimensional Drawings","2026-06 update","2026-08-31","Apple publishes a five-page dimensional drawing for the iPhone 17 Pro with device geometry plus camera-control, connector, magnetic, conductive-material and radio-related keep-outs.","https://developer.apple.com/download/files/accessories/dimensional-drawings/iphone-17-pro.pdf","E3 nominal interface and keep-out source for SKU-301; Apple's terms and trademark guidance remain a commercial-release gate."
"S39","Named-notebook interface","TRAVELER'S COMPANY","TRAVELER'S notebook Black — Starter kit / Regular Size","current page","2026-08-31","Current black Regular starter kit No.13714006 lists a leather cover H220 x W120 x D10 mm and blank refill H210 x W110 x D4 mm.","https://www.travelers-company.com/products/trnote/starter-kit-regular/black","E3 nominal closed-envelope source for SKU-302; compliant leather and elastic paths still require physical validation."
"S40","Named-notebook interface","Field Notes Brand","Original Kraft Memo Book","current page","2026-08-31","The Original Kraft memo book is specified as 3.5 x 5.5 inches, published as 89 x 140 mm, with a three-staple saddle stitch.","https://fieldnotesbrand.com/products/original-kraft","E3 nominal planform source for SKU-303; thickness is deliberately excluded from the fit interface."
"S41","Instant-photo format","FUJIFILM Corporation","instax mini LiPlay — Product Specifications","current page","2026-08-31","FUJIFILM specifies instax mini film at 86 x 54 mm with a 62 x 46 mm image area.","https://www.instax.com/mini_liplay/en/spec/","E3 nominal media planform for SKU-304; no archival or freshly developing-film claim."
"S42","Instant-photo format","FUJIFILM Corporation","instax SQUARE SQ1","current page","2026-08-31","FUJIFILM specifies instax SQUARE film at 86 x 72 mm with a 62 x 62 mm image area.","https://www.instax.com/sq1/en/","E3 nominal media planform for SKU-305; no archival or freshly developing-film claim."
"S43","Instant-photo format","FUJIFILM Corporation","instax WIDE Evo","current page","2026-08-31","FUJIFILM publishes the instax WIDE film format as 86 x 108 mm.","https://www.instax.com/wide_evo/en/?anc=supplies","E3 nominal media planform for SKU-306; no archival or freshly developing-film claim."
"S44","Instant-photo format","Polaroid","What are Polaroid photo dimensions?","2025-02-18 update","2026-08-31","Polaroid Support publishes current i-Type total-area dimensions of approximately 107.52 x 88.47 mm and notes that current film is thicker than historical film.","https://support.polaroid.com/hc/en-us/articles/115012363647-What-are-Polaroid-photo-dimensions","E3 nominal planform and explicit thickness limitation for SKU-307; the design uses rounded 107 x 88 mm planning values and an open non-retaining interface."
"S45","Instant-photo format","Polaroid","Polaroid Go Film Variety Pack","current page","2026-08-31","Polaroid specifies Go film at 66.6 x 53.9 mm with a 47 x 46 mm image area.","https://www.polaroid.com/en_us/products/polaroid-go-film-variety-pack","E3 nominal media planform for SKU-308; no archival or freshly developing-film claim."
"S46","Standard correspondence format","Deutsche Post AG","Briefe und Postkarten — Beispiele und Tipps","current page","2026-08-31","Deutsche Post lists DIN C6 at 114 x 162 mm among standard and compact letter formats.","https://www.deutschepost.de/de/b/brief_postkarte/beispiele-tipps.html","E3 nominal empty-envelope planform for SKU-309; paper thickness, closure and capacity remain variant inputs."
"S47","Standard coin interface","European Central Bank","Common sides — Euro coin technical specifications","current page","2026-08-31","The ECB publishes diameter, edge thickness and mass for all eight circulating euro denominations: 1c through 2 euro.","https://www.ecb.europa.eu/euro/coins/common/html/index.en.html","E3 nominal denomination geometry for SKU-310; mint tolerance, wear and contamination still require real-coin coupons."
"S48","Named card-sleeve interface","Gamegenic","Prime Sleeves","current page","2026-08-31","Gamegenic specifies current Prime sleeves at 66 x 91 mm for cards up to 64 x 89 mm.","https://www.gamegenic.com/product/prime-sleeves/","E3 nominal single-sleeved-card planform for SKU-311; other sleeve lines, double sleeves and deck stacks are excluded."
"S49","Named tracker interface","Apple Inc.","AirTag (2nd generation) — Technical Specifications","2026","2026-08-31","Apple specifies the 2026 second-generation AirTag at 31.9 mm diameter, 8.0 mm height and 11.8 g.","https://support.apple.com/de-at/126203","E3 nominal open-top display envelope for SKU-312; RF, speaker, battery, carry and protective functions are excluded."
"S50","Named furniture interface","IKEA Deutschland","ALEX Schubladenelement, weiß, 36x70 cm — article 004.735.46","current page","2026-08-31","IKEA publishes article identity 004.735.46 and an internal drawer depth of 52 cm; the unit has different drawer heights and load limits.","https://www.ikea.com/de/de/p/alex-schubladenelement-weiss-00473546/","Named host and nominal depth source for SKU-313; drawer position, unit tolerance and revision still require a physical gauge."
"S51","Named furniture COTS proxy","IKEA Deutschland","ALEX Schubladeneinsatz, grau, 52x30 cm — article 305.951.55","current page","2026-08-31","IKEA specifies the companion ALEX drawer insert at L52 x W30 x H5 cm and states that it organizes ALEX drawers.","https://www.ikea.com/de/de/p/alex-schubladeneinsatz-grau-30595155/","Official nominal companion-envelope proxy for SKU-313; not a unit-specific drawer tolerance."
"S52","Named furniture COTS proxy","IKEA Deutschland","KALLAX Vitrinentüreinsatz, weiß — article 703.402.99","current page","2026-08-31","IKEA specifies the KALLAX insert at W33 x D38 x H33 cm and states that it is used to customize a KALLAX shelf unit.","https://www.ikea.com/de/de/p/kallax-vitrinentuereinsatz-weiss-70340299/","Official nominal companion-envelope proxy for SKU-314; not a unit-specific cubby tolerance."
"S53","Printer specification","Anycubic","Anycubic Kobra 3 Max User Manual EN v1.1","2026","2026-08-31","The official manual identifies the Kobra 3 Max and its 420 x 420 x 500 mm build size; exact local machine, process and filament profile hashes are pinned separately in the repository baseline manifest.","https://wiki.anycubic.com/k3-max/anycubic_kobra_3_max_user_manual-en-v1.1_compressed.pdf","Printer-model cross-check for the research R3 process baseline; not a physical unit or print-quality qualification."
